Life Ladder;Log GDP per capita;Social support;Healthy life expectancy at birth;Freedom to make life choices;Generosity;Perceptions of corruption;Positive affect
0.4;0.32;0.0;0.97;0.28;0.0;0.0;0.62
0.71;0.38;0.0;0.97;0.0;0.0;0.01;0.67
0.86;0.43;0.0;0.97;0.0;0.0;0.5;0.65
0.45;0.41;0.0;0.97;0.0;0.0;0.89;0.64
0.43;0.45;0.0;0.97;0.0;0.0;0.69;0.7
0.34;0.45;0.0;0.97;0.0;0.08;0.08;0.67
0.2;0.45;0.0;0.98;0.0;0.0;0.0;0.57
0.52;0.44;0.0;0.98;0.0;0.01;0.0;0.59
0.63;0.44;0.0;0.98;0.0;0.32;0.4;0.59
0.1;0.44;0.0;0.98;0.0;0.0;0.0;0.54
0.1;0.43;0.0;0.98;0.0;0.0;0.0;0.49
0.06;0.44;0.0;0.98;0.0;0.0;0.0;0.39
0.06;0.31;0.0;0.98;0.0;0.01;0.0;0.23
0.81;0.98;0.66;1.0;0.0;0.88;0.0;0.67
1.0;1.0;0.24;1.0;0.0;0.0;0.0;0.67
0.99;1.0;0.0;1.0;0.0;0.0;0.82;0.66
0.95;1.0;0.01;1.0;0.0;0.0;0.0;0.69
1.0;1.0;0.35;1.0;0.0;0.0;0.01;0.67
0.78;1.0;0.01;0.99;0.0;0.0;0.0;0.62
0.88;1.0;0.0;0.99;0.77;0.54;0.0;0.63
0.8;1.0;0.0;0.99;0.07;0.01;0.0;0.62
0.76;1.0;0.0;0.99;0.62;0.72;0.0;0.64
0.82;1.0;0.0;0.99;1.0;0.45;0.0;0.62
0.94;0.99;0.0;0.99;0.0;0.98;0.0;0.65
0.94;0.99;0.0;0.99;0.34;0.0;0.0;0.67
1.0;0.99;0.0;0.99;0.96;1.0;0.0;0.68
0.99;0.98;0.0;0.99;0.0;0.34;0.0;0.69
0.98;0.98;0.0;0.99;0.02;0.03;0.01;0.68
1.0;0.97;0.0;0.99;0.0;0.04;0.01;0.66
0.99;1.0;0.98;1.0;0.0;0.0;0.01;0.66
0.99;1.0;0.11;1.0;0.0;0.0;0.24;0.7
0.99;1.0;1.0;1.0;0.0;0.0;0.38;0.66
0.95;1.0;0.87;1.0;0.0;0.0;0.94;0.65
0.86;1.0;0.97;1.0;0.0;1.0;0.98;0.72
1.0;1.0;0.0;1.0;0.0;0.0;0.79;0.63
0.98;1.0;0.08;1.0;0.0;0.0;0.58;0.66
1.0;1.0;0.29;1.0;0.0;0.23;0.0;0.69
1.0;0.95;0.0;0.97;0.0;0.17;0.0;0.65
0.69;0.96;0.0;0.97;0.0;0.0;0.0;0.66
0.5;0.96;0.0;0.98;0.0;0.0;0.13;0.64
0.43;0.97;0.0;0.98;0.0;0.0;0.04;0.62
0.81;0.91;0.0;1.0;0.71;0.0;0.01;0.7
0.9;0.89;0.0;1.0;0.0;0.0;0.0;0.73
0.93;0.88;0.0;1.0;0.0;0.0;0.0;0.69
0.76;0.9;0.0;1.0;0.0;0.0;0.0;0.76
0.75;0.87;0.0;1.0;0.62;0.0;0.01;0.78
0.6;0.85;0.0;1.0;0.0;0.0;0.97;0.77
0.74;0.86;0.0;1.0;1.0;0.0;0.12;0.73
0.69;0.85;0.0;1.0;0.83;0.0;0.08;0.75
0.65;0.87;0.0;1.0;0.98;0.0;0.01;0.76
0.64;0.86;0.0;1.0;0.0;0.0;0.01;0.72
0.76;0.87;0.0;1.0;0.0;0.0;0.01;0.7
0.91;0.87;0.0;1.0;0.0;0.0;0.02;0.71
0.97;0.88;0.0;1.0;0.0;0.0;0.01;0.7
0.89;0.89;0.0;1.0;0.0;0.0;0.05;0.7
0.95;0.92;0.0;1.0;0.0;0.0;0.13;0.67
0.94;0.9;0.0;1.0;0.0;0.86;0.13;0.67
0.83;0.88;0.0;1.0;0.0;0.0;0.18;0.72
0.77;0.89;0.0;1.0;0.0;0.0;0.01;0.71
0.66;0.97;0.0;1.0;0.0;0.0;0.01;0.49
0.9;0.99;0.01;1.0;0.0;0.0;0.12;0.52
0.82;1.0;0.0;1.0;0.0;0.0;0.0;0.56
0.61;0.98;0.0;1.0;0.0;0.0;0.0;0.54
0.7;0.98;0.0;1.0;0.0;0.0;0.0;0.51
0.65;0.99;0.0;1.0;0.0;0.0;0.0;0.47
0.67;1.0;0.0;1.0;0.0;0.0;0.0;0.5
0.65;1.0;0.0;1.0;0.0;0.0;0.0;0.53
0.74;1.0;0.0;1.0;0.0;0.0;0.0;0.56
0.69;1.0;0.0;1.0;0.0;0.0;0.0;0.55
0.68;1.0;0.0;1.0;0.0;0.0;0.0;0.54
0.66;1.0;0.0;1.0;0.0;0.0;0.0;0.56
0.95;0.99;0.9;1.0;0.01;0.0;0.12;0.54
1.0;0.99;0.26;1.0;0.0;0.0;0.0;0.56
0.99;0.99;0.01;1.0;0.06;0.0;0.46;0.54
1.0;0.97;0.97;1.0;0.1;0.0;0.46;0.49
0.99;0.96;0.74;0.99;0.0;0.0;0.15;0.58
0.37;0.6;0.0;0.99;0.0;0.0;0.0;0.78
0.38;0.6;0.0;0.99;0.0;0.0;0.0;0.77
0.31;0.6;0.0;0.99;0.0;0.0;0.0;0.78
0.32;0.59;0.0;0.99;0.0;0.0;0.0;0.79
0.41;0.58;0.0;0.99;0.0;0.0;0.0;0.77
0.34;0.58;0.0;0.99;0.0;0.0;0.0;0.81
0.37;0.57;0.0;0.99;0.0;0.0;0.0;0.75
0.36;0.57;0.0;0.99;0.0;0.0;0.0;0.78
0.39;0.56;0.0;0.99;0.0;0.0;0.0;0.76
0.38;0.56;0.0;0.99;0.0;0.0;0.0;0.76
0.42;0.56;0.0;0.99;0.0;0.0;0.0;0.79
0.39;0.55;0.0;0.99;0.0;0.0;0.0;0.78
0.43;0.56;0.0;0.99;0.0;0.0;0.0;0.78
0.44;0.55;0.0;0.99;0.0;0.0;0.0;0.76
0.48;0.54;0.0;0.99;0.0;0.0;0.0;0.74
0.48;0.54;0.0;0.99;0.0;0.0;0.0;0.75
0.44;0.54;0.0;0.99;0.0;0.0;0.0;0.81
0.41;0.52;0.0;0.99;0.0;0.0;0.0;0.81
0.36;0.53;0.0;0.99;0.0;0.0;0.0;0.82
0.3;0.52;0.0;0.99;0.0;0.0;0.43;0.82
0.33;0.52;0.0;0.99;0.0;0.0;0.78;0.82
0.29;0.52;0.0;0.99;0.0;0.0;0.13;0.82
0.52;0.52;0.0;0.99;0.0;0.0;0.0;0.81
0.46;0.52;0.0;0.99;0.0;0.0;0.0;0.82
0.47;0.52;0.0;0.99;0.0;0.02;0.0;0.78
0.37;0.51;0.0;0.99;0.0;0.0;0.0;0.8
0.33;0.5;0.0;0.99;0.0;0.19;0.0;0.75
0.41;0.5;0.0;0.99;0.0;0.12;0.0;0.78
0.4;0.53;0.0;0.99;0.0;0.99;0.0;0.78
0.46;0.51;0.0;0.99;0.06;0.0;0.0;0.74
0.5;0.49;0.0;0.99;0.0;0.0;0.0;0.76
0.66;0.5;0.0;0.99;0.0;0.0;0.0;0.75
0.85;0.99;0.01;1.0;0.49;0.0;0.73;0.63
0.79;1.0;0.0;1.0;0.0;0.0;0.0;0.63
0.88;1.0;0.0;1.0;0.0;0.43;0.64;0.71
0.79;0.99;0.0;1.0;0.0;0.0;0.98;0.69
0.63;0.99;0.0;1.0;0.0;0.0;0.0;0.65
0.83;0.99;0.0;1.0;0.0;0.0;0.37;0.67
0.91;0.99;0.01;1.0;0.0;0.0;0.9;0.66
1.0;0.98;0.05;1.0;0.0;0.0;0.36;0.68
0.99;0.98;0.87;1.0;0.71;0.0;0.02;0.7
0.97;0.98;0.39;1.0;0.73;0.0;0.0;0.72
0.99;0.99;0.15;1.0;0.18;0.0;0.0;0.73
0.97;0.99;0.42;1.0;0.65;0.0;0.02;0.72
0.97;0.99;0.24;1.0;0.49;0.0;0.0;0.73
0.97;0.99;0.0;1.0;0.0;0.0;0.0;0.78
0.79;0.98;0.0;1.0;0.03;0.02;0.32;0.57
0.98;0.98;0.0;1.0;0.0;0.0;0.0;0.7
0.98;0.6;0.0;1.0;0.0;0.5;0.0;0.63
0.94;0.59;0.0;1.0;0.0;0.95;0.64;0.6
0.88;0.58;0.0;1.0;0.0;0.07;0.0;0.5
0.67;0.57;0.0;1.0;0.0;0.14;0.52;0.59
0.8;0.59;0.0;1.0;0.0;0.67;0.22;0.61
0.95;0.62;0.0;1.0;0.0;0.07;0.27;0.7
0.96;0.64;0.0;1.0;0.0;0.0;0.69;0.69
0.9;0.66;0.0;1.0;0.0;0.45;0.73;0.63
0.93;0.68;0.0;1.0;0.0;0.0;0.96;0.68
0.85;0.7;0.0;1.0;0.0;0.15;0.87;0.75
0.82;0.72;0.0;1.0;0.94;0.47;0.99;0.67
0.81;0.76;0.0;1.0;0.0;0.01;0.74;0.71
0.78;0.79;0.0;1.0;0.0;0.0;0.22;0.65
0.67;0.81;0.0;1.0;0.0;0.99;0.0;0.67
0.76;0.83;0.0;1.0;0.0;0.08;0.39;0.55
0.96;0.85;0.0;1.0;0.0;0.04;0.03;0.54
0.99;0.86;0.0;1.0;0.34;0.63;0.99;0.59
0.58;0.88;0.0;1.0;0.0;0.0;1.0;0.53
0.28;0.9;0.0;1.0;0.0;0.09;0.0;0.47
0.58;0.91;0.0;1.0;0.0;0.78;0.97;0.5
0.99;1.0;0.0;1.0;0.09;0.0;0.51;0.67
0.99;0.99;0.0;1.0;0.0;0.0;0.31;0.68
1.0;0.97;0.0;1.0;0.0;0.0;0.11;0.71
1.0;0.96;0.0;1.0;0.04;0.0;0.48;0.72
0.98;0.94;0.0;1.0;0.0;0.0;0.08;0.66
0.98;0.94;0.0;1.0;0.0;0.0;0.03;0.74
0.95;0.94;0.0;1.0;0.41;0.0;0.02;0.73
0.96;0.93;0.0;1.0;0.0;0.12;0.16;0.73
0.98;0.94;0.0;1.0;0.0;0.0;0.07;0.75
0.98;0.95;0.0;1.0;0.0;0.0;0.05;0.73
1.0;0.94;0.0;1.0;0.0;0.0;0.02;0.68
0.98;0.93;0.0;1.0;0.0;0.0;0.69;0.63
0.96;0.93;0.0;1.0;0.0;0.0;0.0;0.75
0.4;0.56;0.0;0.99;0.0;0.05;0.74;0.77
0.44;0.56;0.0;0.99;0.0;1.0;0.02;0.75
0.56;0.57;0.0;0.99;0.01;0.84;0.33;0.77
0.45;0.56;0.0;0.99;0.0;0.74;0.57;0.77
0.52;0.56;0.0;0.99;0.0;0.1;0.95;0.75
0.45;0.56;0.0;0.99;0.0;0.92;0.0;0.77
0.56;0.56;0.0;0.99;0.0;0.98;0.0;0.75
0.54;0.55;0.0;0.99;0.0;0.11;0.0;0.76
0.52;0.55;0.0;0.99;0.0;0.06;0.0;0.73
0.53;0.54;0.0;0.99;0.0;0.18;0.0;0.75
0.54;0.54;0.0;0.99;0.01;0.0;0.0;0.73
0.6;0.53;0.0;0.99;0.37;0.0;0.08;0.74
0.57;0.56;0.0;0.99;0.64;0.0;0.0;0.7
0.55;0.53;0.0;0.99;0.0;0.01;0.0;0.73
0.56;0.52;0.0;0.99;0.0;0.0;0.0;0.75
0.52;0.52;0.0;0.99;0.0;0.05;0.0;0.75
0.75;0.99;0.0;1.0;0.07;0.98;0.81;0.74
0.93;0.99;0.0;1.0;0.0;1.0;0.59;0.72
0.26;0.53;0.0;0.97;0.0;0.85;0.45;0.63
0.38;0.55;0.0;0.98;0.12;0.95;0.07;0.65
0.47;0.54;0.0;0.98;0.46;0.0;0.01;0.72
0.21;0.55;0.0;0.98;0.58;0.0;0.22;0.71
0.31;0.57;0.0;0.98;0.21;0.0;0.01;0.75
0.26;0.58;0.0;0.98;0.37;0.0;0.01;0.67
0.36;0.58;0.0;0.98;0.71;0.54;0.01;0.6
0.53;0.58;0.0;0.98;0.27;0.03;0.03;0.56
0.89;0.59;0.0;0.99;0.53;0.03;0.84;0.57
0.96;0.61;0.0;0.99;0.18;1.0;1.0;0.57
0.93;0.62;0.0;0.99;0.55;0.79;0.35;0.59
0.72;0.63;0.0;0.99;0.21;0.0;0.0;0.65
0.75;0.65;0.0;0.99;0.44;0.83;0.0;0.58
0.63;0.66;0.0;0.99;0.19;0.45;0.0;0.56
0.72;0.68;0.0;0.99;0.16;0.02;0.0;0.57
1.0;0.98;0.74;1.0;0.01;0.0;0.27;0.75
0.92;0.99;0.0;1.0;0.0;0.0;0.02;0.71
0.96;0.99;0.03;1.0;0.0;0.0;0.0;0.7
1.0;0.88;0.21;1.0;0.55;0.19;0.38;0.62
0.99;0.89;0.77;1.0;0.27;0.99;0.12;0.66
0.99;0.9;0.35;1.0;0.49;0.0;0.28;0.65
0.89;0.9;0.29;1.0;0.29;0.31;0.9;0.67
0.97;0.91;1.0;1.0;0.06;0.02;0.6;0.67
0.97;0.92;0.81;1.0;0.23;0.26;0.07;0.66
0.91;0.93;0.24;1.0;0.0;0.77;0.02;0.63
0.97;0.94;0.97;1.0;0.0;0.03;0.16;0.64
0.95;0.95;0.66;1.0;0.0;0.87;0.04;0.66
0.96;0.96;0.36;1.0;0.0;0.43;0.0;0.66
0.97;0.96;0.77;1.0;0.0;0.15;0.01;0.66
0.99;0.97;0.19;1.0;0.0;0.0;0.1;0.6
0.94;0.97;0.43;1.0;0.0;0.0;0.52;0.65
0.99;0.97;0.32;1.0;0.0;0.0;0.01;0.63
1.0;0.95;0.99;1.0;0.0;0.1;0.0;0.66
1.0;0.96;0.84;1.0;0.0;0.09;0.16;0.64
0.94;0.97;0.54;1.0;0.0;0.01;0.02;0.63
0.95;0.97;0.39;1.0;0.0;0.08;0.0;0.65
0.91;0.99;0.03;1.0;0.0;0.98;0.0;0.66
0.93;1.0;0.0;1.0;0.0;0.58;0.0;0.57
0.83;1.0;0.08;1.0;0.0;0.0;0.0;0.53
0.94;1.0;0.0;1.0;0.0;0.35;0.0;0.63
0.87;1.0;0.19;1.0;0.0;0.83;0.0;0.58
0.97;1.0;0.03;1.0;0.0;0.34;0.0;0.61
0.99;1.0;0.46;1.0;0.0;0.0;0.0;0.65
0.96;1.0;0.0;1.0;0.0;0.09;0.0;0.63
0.98;1.0;1.0;1.0;0.0;0.0;0.0;0.65
0.96;0.99;0.11;1.0;0.0;0.0;0.0;0.66
0.95;0.99;0.17;1.0;0.0;0.0;0.0;0.67
0.91;0.98;0.0;1.0;0.38;0.02;0.0;0.7
1.0;0.98;0.0;1.0;0.9;0.0;0.0;0.65
0.98;0.97;0.0;1.0;0.87;0.0;0.0;0.66
0.95;0.96;0.01;1.0;0.95;0.0;0.0;0.66
0.92;0.96;0.0;1.0;0.0;0.0;0.0;0.7
0.85;0.99;0.0;0.96;0.0;0.0;0.78;0.74
1.0;0.99;0.26;0.96;0.0;0.0;0.22;0.76
0.33;1.0;0.0;0.97;0.0;0.0;0.14;0.78
0.32;0.99;0.0;0.97;0.0;0.0;0.13;0.8
0.89;1.0;0.15;0.97;0.03;0.0;0.14;0.8
0.59;0.99;0.01;0.97;0.64;0.0;1.0;0.73
0.54;0.98;0.0;0.98;0.09;0.0;0.99;0.72
0.42;0.99;0.84;0.98;0.0;0.0;0.0;0.72
0.31;0.99;0.04;0.98;0.0;0.0;0.87;0.72
0.32;0.98;0.04;0.98;0.0;0.0;0.89;0.69
0.3;0.98;0.73;0.98;0.0;0.0;0.21;0.72
0.3;0.98;0.1;0.98;0.0;0.0;0.41;0.71
0.29;0.98;0.0;0.98;0.88;0.0;0.05;0.68
0.26;0.97;0.0;0.99;0.92;0.0;0.14;0.73
0.8;0.99;0.0;1.0;0.34;0.7;0.85;0.72
0.64;0.99;0.0;1.0;0.23;0.01;0.22;0.73
0.49;0.99;0.0;1.0;0.64;0.07;0.78;0.73
0.57;0.98;0.0;1.0;0.01;0.08;0.03;0.74
0.48;0.98;0.0;1.0;0.0;0.01;0.04;0.72
0.43;0.97;0.0;1.0;0.17;0.0;0.5;0.72
0.5;0.97;0.0;1.0;0.19;0.0;0.55;0.72
0.71;0.98;0.0;1.0;0.03;0.72;0.78;0.68
0.78;0.99;0.0;1.0;0.01;0.0;0.6;0.7
0.8;0.99;0.0;1.0;0.7;0.0;0.38;0.68
0.85;0.98;0.0;1.0;0.99;0.0;0.9;0.66
0.75;0.98;0.0;1.0;0.0;0.03;0.91;0.68
0.88;0.99;0.29;1.0;0.16;0.07;0.87;0.63
0.92;0.98;0.9;1.0;0.08;0.0;0.97;0.62
0.83;0.98;0.0;1.0;0.0;0.05;0.99;0.67
0.7;0.98;0.01;1.0;0.0;0.39;0.92;0.69
0.45;0.96;0.26;1.0;0.0;0.0;0.0;0.69
0.49;0.94;0.06;1.0;0.0;0.0;0.0;0.68
0.47;0.94;0.0;1.0;0.0;0.0;0.0;0.64
0.63;0.93;0.13;1.0;0.0;0.0;0.0;0.68
0.52;0.93;0.36;1.0;0.0;0.0;0.0;0.66
0.73;0.93;0.0;1.0;0.0;0.06;0.0;0.7
0.9;0.92;0.0;1.0;0.0;0.0;0.0;0.72
0.89;0.91;0.0;1.0;0.04;0.0;0.0;0.76
0.96;0.9;0.0;1.0;0.01;0.0;0.0;0.74
0.96;0.89;0.0;1.0;0.44;0.0;0.0;0.75
0.96;0.87;0.0;1.0;0.0;0.0;0.0;0.74
0.99;0.88;0.0;1.0;0.0;0.9;0.0;0.74
1.0;0.86;0.0;1.0;0.0;0.79;0.0;0.72
1.0;0.82;0.0;1.0;0.92;0.0;0.0;0.78
1.0;0.79;0.0;1.0;0.96;0.0;0.0;0.74
0.44;0.31;0.77;0.96;0.0;0.62;0.32;0.72
0.53;0.32;0.06;0.96;0.0;0.06;0.04;0.68
0.46;0.33;0.0;0.97;0.0;0.0;0.0;0.64
0.54;0.35;0.08;0.97;0.0;0.35;0.84;0.72
0.87;0.36;0.0;0.97;0.46;0.0;0.5;0.74
0.5;0.37;0.0;0.97;0.0;0.02;0.82;0.62
0.25;0.38;0.0;0.98;0.92;0.79;0.87;0.67
0.31;0.39;0.0;0.98;0.13;0.97;0.28;0.7
0.72;0.39;0.0;0.98;0.0;1.0;0.28;0.61
0.62;0.4;0.02;0.98;0.0;0.99;0.74;0.64
0.82;0.42;0.35;0.98;0.0;0.04;0.84;0.62
0.92;0.43;0.0;0.98;0.35;0.83;0.96;0.66
0.85;0.44;0.0;0.99;0.0;0.96;0.87;0.64
0.82;0.44;0.0;0.99;1.0;0.0;0.19;0.61
0.81;0.46;0.0;0.99;0.0;0.05;0.95;0.63
0.74;0.46;0.0;0.99;0.21;0.0;0.02;0.65
0.34;0.14;0.0;0.96;0.0;0.7;0.0;0.62
0.43;0.13;0.0;0.97;0.0;0.72;0.69;0.79
0.4;0.14;0.0;0.97;0.0;0.06;0.12;0.75
0.14;0.14;0.0;0.98;0.0;0.08;0.2;0.71
0.42;0.12;0.0;0.99;0.0;0.58;0.0;0.64
0.74;0.54;0.0;0.99;0.0;0.3;0.0;0.64
0.58;0.53;0.77;1.0;0.0;0.0;0.0;0.79
0.59;0.55;0.0;1.0;0.0;0.0;0.0;0.61
0.6;0.58;0.0;1.0;0.0;0.0;0.71;0.67
0.48;0.6;0.0;1.0;0.0;0.0;0.0;0.67
0.38;0.63;0.0;1.0;0.0;0.0;0.16;0.6
0.47;0.65;0.0;1.0;0.0;0.0;0.02;0.59
0.6;0.68;0.0;1.0;0.0;0.0;0.07;0.65
0.74;0.7;0.0;1.0;0.0;0.03;0.02;0.64
0.79;0.73;0.02;1.0;0.0;0.01;0.09;0.62
0.94;0.77;0.01;1.0;0.0;0.97;0.06;0.64
0.7;0.76;0.0;1.0;0.0;0.21;0.0;0.66
0.78;0.76;0.0;1.0;0.0;0.91;0.02;0.66
0.64;0.78;0.32;1.0;0.0;0.0;0.0;0.66
0.63;0.8;0.0;1.0;0.0;0.03;0.31;0.63
0.46;0.64;0.0;0.95;0.0;0.74;0.0;0.68
0.69;0.64;0.0;0.95;0.0;0.28;0.0;0.72
0.66;0.64;0.0;0.96;0.0;0.01;0.0;0.66
0.85;0.64;0.0;0.96;0.03;0.58;0.0;0.7
0.78;0.64;0.01;0.96;0.08;0.95;0.0;0.68
0.73;0.64;0.0;0.96;0.0;0.35;0.0;0.69
0.64;0.65;0.0;0.97;0.67;0.29;0.0;0.68
0.65;0.66;0.01;0.97;0.06;0.33;0.0;0.7
0.64;0.67;0.17;0.97;0.06;0.01;0.01;0.74
0.95;0.68;0.0;0.97;0.09;0.3;0.0;0.64
0.88;0.69;0.0;0.98;0.18;0.9;0.0;0.63
0.95;0.69;0.0;0.98;0.64;0.39;0.02;0.63
0.99;0.7;0.0;0.98;0.0;0.57;0.0;0.64
0.92;0.7;0.0;0.98;0.16;0.85;0.12;0.65
0.98;0.69;0.0;0.99;0.0;0.28;0.03;0.62
0.93;0.69;0.0;0.99;0.21;0.54;0.01;0.64
0.84;0.7;0.0;0.99;0.0;0.71;0.01;0.62
0.92;0.7;0.0;0.99;0.88;0.56;0.01;0.62
0.32;0.6;0.0;0.99;0.0;0.0;0.0;0.77
0.3;0.59;0.0;0.99;0.0;0.0;0.0;0.8
0.29;0.61;0.0;0.99;0.0;0.0;0.0;0.76
0.24;0.6;0.0;0.99;0.0;0.0;0.0;0.77
0.32;0.59;0.0;0.99;0.0;0.0;0.0;0.76
0.32;0.58;0.0;0.99;0.0;0.0;0.0;0.77
0.26;0.58;0.0;0.99;0.0;0.0;0.0;0.75
0.36;0.57;0.0;0.99;0.0;0.0;0.0;0.75
0.32;0.57;0.0;0.99;0.0;0.0;0.0;0.73
0.39;0.57;0.0;0.99;0.0;0.0;0.0;0.76
0.32;0.56;0.0;0.99;0.0;0.0;0.0;0.79
0.42;0.56;0.0;0.99;0.0;0.0;0.0;0.75
0.45;0.55;0.0;0.99;0.0;0.0;0.0;0.73
0.48;0.58;0.0;0.99;0.0;0.27;0.0;0.71
0.52;0.56;0.0;0.99;0.0;0.0;0.0;0.73
0.53;0.56;0.0;0.99;0.0;0.0;0.0;0.71
0.57;0.56;0.0;0.99;0.0;0.0;0.0;0.7
0.6;0.2;0.0;0.91;0.0;0.01;0.59;0.63
0.34;0.22;0.0;0.91;0.01;0.37;0.02;0.65
0.38;0.23;0.0;0.92;0.27;0.83;0.04;0.64
0.1;0.14;0.0;0.93;0.0;0.46;0.0;0.53
0.31;0.14;0.0;0.94;0.0;0.02;0.0;0.5
0.29;0.33;0.0;0.95;0.0;0.71;0.0;0.68
0.59;0.33;0.0;0.95;0.0;0.81;0.0;0.71
0.81;0.33;0.0;0.95;0.0;0.1;0.0;0.72
0.37;0.33;0.0;0.95;0.0;0.84;0.0;0.73
0.41;0.36;0.0;0.96;0.0;0.75;0.0;0.66
0.71;0.35;0.74;0.96;0.0;0.64;0.0;0.67
0.54;0.37;0.0;0.96;0.0;0.33;0.0;0.61
0.32;0.38;0.0;0.96;0.0;0.15;0.0;0.58
0.3;0.39;0.0;0.96;0.0;0.02;0.0;0.61
0.68;0.39;0.0;0.97;0.0;0.43;0.0;0.62
0.54;0.35;0.0;0.97;0.0;0.21;0.1;0.55
0.78;0.33;0.0;0.97;0.0;0.99;0.41;0.52
0.75;0.32;0.0;0.97;0.0;0.75;0.9;0.49
0.64;0.32;0.0;0.97;0.0;0.16;0.04;0.55
0.71;0.29;0.0;0.98;0.0;0.0;0.23;0.54
0.78;0.29;0.0;0.98;0.0;0.0;0.97;0.54
0.9;0.93;0.17;1.0;0.97;0.0;0.0;0.68
0.98;0.92;0.87;1.0;0.0;0.0;0.78;0.67
0.97;0.91;0.98;1.0;0.0;0.02;0.98;0.68
0.73;0.92;0.26;0.99;1.0;0.0;0.93;0.72
0.66;0.9;0.0;0.99;0.16;0.0;0.41;0.72
0.71;0.89;0.74;0.99;0.05;0.0;0.98;0.71
0.68;0.87;0.01;0.99;0.74;0.0;0.59;0.72
0.62;0.86;0.0;0.99;0.83;0.01;0.98;0.74
0.57;0.86;0.0;0.99;0.71;0.0;0.95;0.74
0.71;0.85;0.43;0.99;0.58;0.48;0.16;0.69
0.69;0.85;0.08;0.99;0.0;0.0;0.0;0.74
0.8;0.85;0.0;0.99;0.1;0.56;0.03;0.72
0.75;0.84;0.0;0.99;0.11;0.03;0.13;0.73
0.93;0.85;0.0;0.99;0.0;0.0;0.0;0.69
0.87;0.88;0.0;0.99;0.25;0.62;0.16;0.69
0.75;0.84;0.0;0.99;0.02;0.14;0.0;0.77
0.76;0.83;0.0;0.99;0.07;0.86;0.35;0.75
0.84;0.84;0.0;0.99;0.0;0.58;0.03;0.75
0.91;1.0;0.0;1.0;0.01;0.72;0.2;0.7
0.87;1.0;0.0;1.0;0.16;0.21;0.0;0.73
0.86;1.0;0.0;1.0;0.06;0.2;0.9;0.71
0.82;1.0;0.0;1.0;0.91;0.07;0.03;0.74
0.77;1.0;0.0;1.0;0.0;0.11;0.13;0.75
0.74;1.0;0.0;1.0;0.01;0.01;0.01;0.73
0.78;1.0;0.0;1.0;0.0;0.85;0.0;0.74
0.68;0.99;0.0;1.0;0.0;0.01;0.0;0.75
0.75;0.99;0.0;1.0;0.03;0.0;0.0;0.75
0.78;0.99;0.0;0.99;0.09;0.0;0.02;0.73
0.84;0.99;0.0;0.99;0.0;0.0;0.0;0.72
0.87;0.99;0.0;0.99;0.0;0.0;0.0;0.73
0.92;0.99;0.0;0.99;0.0;0.0;0.01;0.72
0.79;0.98;0.0;0.99;0.0;0.0;0.01;0.71
0.98;0.99;0.81;0.99;0.0;0.0;0.2;0.69
0.99;0.98;0.66;0.99;0.4;0.05;0.05;0.68
0.95;0.97;0.0;0.99;0.03;0.0;0.0;0.71
0.94;0.97;0.24;0.99;0.0;0.0;0.0;0.73
0.31;0.6;0.0;0.99;0.0;0.01;0.03;0.79
0.44;0.6;0.0;0.99;0.0;0.99;0.98;0.79
0.45;0.61;0.0;0.99;0.0;0.01;0.91;0.78
0.51;0.62;0.0;0.99;0.0;0.0;0.02;0.74
0.51;0.64;0.0;1.0;0.0;0.02;0.38;0.67
0.8;0.64;0.0;1.0;0.0;0.04;0.91;0.66
0.33;0.63;0.0;1.0;0.0;0.79;0.91;0.63
0.35;0.64;0.0;1.0;0.0;0.99;0.44;0.57
0.76;0.81;0.0;0.98;0.98;0.0;0.04;0.68
0.49;0.84;0.0;0.98;0.46;0.0;0.29;0.63
0.5;0.83;0.0;0.98;0.49;0.0;0.99;0.67
0.55;0.84;0.0;0.98;0.0;0.0;0.2;0.58
0.84;0.82;0.0;0.99;0.0;0.0;0.02;0.68
0.58;0.77;0.0;0.99;0.16;0.0;0.45;0.66
0.9;0.74;0.0;0.99;0.32;0.0;0.9;0.6
1.0;0.7;0.0;0.99;0.04;0.0;0.96;0.56
0.98;0.69;0.0;0.99;0.0;0.08;0.98;0.59
0.96;0.65;0.0;0.99;0.82;0.65;0.85;0.57
0.91;0.63;0.0;0.99;0.85;0.68;0.92;0.57
0.97;0.63;0.0;0.99;0.03;0.64;0.93;0.55
0.92;0.64;0.0;0.99;0.05;0.15;1.0;0.59
0.52;0.14;0.0;0.96;0.0;0.63;0.08;0.63
0.76;0.15;0.0;0.97;0.0;0.56;0.01;0.73
0.81;0.16;0.05;0.97;0.0;0.37;0.21;0.73
0.75;0.17;0.32;0.97;0.0;0.95;0.0;0.75
0.72;0.19;0.62;0.97;0.0;0.98;0.14;0.63
0.48;0.19;0.03;0.98;0.0;0.16;0.0;0.64
0.77;0.19;0.0;0.98;0.0;0.58;0.0;0.73
0.67;0.19;0.0;0.98;0.07;0.04;0.19;0.57
0.22;0.22;0.0;0.99;0.0;0.01;0.03;0.55
0.27;0.23;0.0;0.99;0.01;0.0;0.03;0.52
0.46;0.98;0.0;0.99;0.0;0.14;0.32;0.78
0.31;0.97;0.0;0.99;0.0;0.0;0.1;0.77
0.56;0.97;0.0;0.99;0.0;0.0;0.13;0.78
0.25;0.97;0.0;0.99;0.0;0.1;0.5;0.79
0.38;0.96;0.0;0.99;0.0;0.36;0.9;0.79
0.39;0.96;0.0;0.99;0.0;0.28;0.03;0.75
0.38;0.95;0.0;0.99;0.0;0.38;0.38;0.76
0.42;0.95;0.0;0.99;0.0;0.95;0.15;0.74
0.39;0.94;0.0;0.99;0.0;1.0;0.48;0.73
0.56;0.93;0.0;0.99;0.0;0.03;0.92;0.74
0.43;0.93;0.0;0.99;0.0;0.28;0.6;0.75
0.4;0.92;0.0;0.99;0.0;0.0;0.99;0.74
0.43;0.91;0.0;0.99;0.0;0.0;0.6;0.71
0.5;0.91;0.0;0.99;0.0;0.0;0.03;0.72
0.8;0.92;0.21;0.99;0.0;0.0;0.76;0.68
0.77;0.9;0.0;0.99;0.0;0.54;0.59;0.71
0.46;0.89;0.0;0.99;0.0;0.17;0.99;0.74
0.33;0.88;0.0;0.99;0.0;0.04;0.84;0.74
0.96;0.83;0.0;1.0;0.0;0.0;0.0;0.62
1.0;0.85;0.0;1.0;0.0;0.0;0.0;0.67
0.99;0.85;0.77;1.0;0.0;0.0;0.0;0.68
1.0;0.85;0.54;1.0;0.0;0.0;0.0;0.67
0.91;0.86;0.13;1.0;0.0;0.0;0.0;0.68
0.95;0.86;0.0;1.0;0.0;0.0;0.0;0.66
1.0;0.86;0.0;1.0;0.0;0.0;0.0;0.66
0.98;0.85;0.04;1.0;0.02;0.0;0.01;0.66
1.0;0.83;0.84;1.0;0.0;0.02;0.0;0.63
1.0;0.81;0.05;0.99;0.23;0.0;0.0;0.66
1.0;0.8;0.0;0.99;0.01;0.0;0.0;0.64
0.99;0.78;0.0;0.99;0.88;0.0;0.0;0.65
0.72;0.82;0.0;0.99;0.0;0.03;0.0;0.7
0.82;0.75;0.0;0.99;0.0;1.0;0.0;0.7
1.0;0.72;0.0;0.99;0.0;0.0;0.0;0.68
0.93;0.71;0.0;0.99;0.0;0.0;0.18;0.73
0.84;0.66;0.0;0.99;0.0;0.91;0.58;0.74
0.57;0.67;0.95;0.99;0.4;0.19;0.28;0.67
0.78;0.67;0.62;0.99;0.95;0.04;0.04;0.7
0.64;0.68;0.05;0.99;0.98;0.0;0.02;0.71
0.86;0.7;0.03;0.99;0.46;0.0;0.0;0.65
1.0;0.73;0.0;0.99;0.0;0.0;0.0;0.61
0.99;0.73;0.05;0.99;0.21;0.12;0.0;0.62
1.0;0.71;0.05;0.99;0.0;0.0;0.0;0.63
0.97;0.69;0.39;0.98;0.93;0.39;0.0;0.65
0.9;0.67;0.74;0.98;0.0;0.4;0.01;0.69
0.82;0.65;0.46;0.98;0.06;0.49;0.01;0.69
0.87;0.63;0.13;0.98;0.9;0.79;0.0;0.7
0.83;0.65;1.0;0.98;0.76;0.0;0.13;0.7
0.82;0.63;0.01;0.98;0.28;0.35;0.0;0.7
0.95;0.61;0.7;0.98;0.03;0.96;0.0;0.69
0.73;0.72;0.0;1.0;0.03;0.03;0.0;0.7
0.83;0.73;0.0;1.0;0.29;0.19;0.0;0.73
0.8;0.72;0.0;1.0;0.14;0.0;0.0;0.71
0.8;0.73;0.0;1.0;0.9;0.0;0.0;0.71
0.64;0.73;0.0;1.0;0.49;0.0;0.0;0.72
0.73;0.72;0.0;1.0;0.03;0.0;0.0;0.73
0.68;0.69;0.0;0.99;0.01;0.0;0.0;0.77
0.62;0.68;0.0;0.99;0.0;0.0;0.0;0.78
0.59;0.66;0.0;0.99;0.0;0.0;0.0;0.75
0.48;0.65;0.0;0.99;0.1;0.0;0.01;0.79
0.54;0.66;0.0;0.99;0.0;0.0;0.0;0.72
0.52;0.64;0.0;0.99;0.0;0.0;0.0;0.75
0.64;0.63;0.0;0.99;0.0;0.0;0.05;0.75
0.57;0.63;0.0;0.99;0.0;0.64;0.04;0.75
0.19;0.52;0.0;0.99;0.0;0.0;0.0;0.8
0.15;0.52;0.0;0.99;0.0;0.0;0.0;0.82
0.23;0.55;0.0;0.99;0.0;0.0;0.0;0.77
0.2;0.54;0.0;0.99;0.0;0.0;0.0;0.84
0.2;0.54;0.0;0.99;0.0;0.0;0.0;0.82
0.28;0.54;0.0;0.99;0.0;0.0;0.0;0.79
0.26;0.53;0.0;0.99;0.0;0.0;0.0;0.81
0.29;0.53;0.0;0.99;0.0;0.0;0.0;0.77
0.29;0.52;0.0;0.99;0.0;0.0;0.0;0.79
0.27;0.51;0.0;0.99;0.0;0.0;0.0;0.79
0.26;0.5;0.0;0.99;0.0;0.0;0.0;0.79
0.24;0.5;0.0;0.99;0.0;0.91;0.0;0.79
0.23;0.49;0.0;0.99;0.0;0.85;0.0;0.81
0.28;0.5;0.0;0.99;0.0;0.24;0.0;0.77
0.23;0.48;0.0;0.99;0.0;0.0;0.0;0.79
0.27;0.47;0.0;0.99;0.0;0.0;0.0;0.79
0.29;0.47;0.0;0.99;0.0;0.0;0.0;0.77
0.94;0.65;0.0;0.98;0.46;0.0;0.0;0.86
0.91;0.6;0.0;0.98;0.0;0.96;0.0;0.73
0.7;0.66;0.0;0.99;0.99;0.01;0.0;0.75
0.96;1.0;0.0;1.0;0.0;0.46;0.97;0.73
0.96;1.0;0.03;1.0;0.0;0.88;0.76;0.74
0.89;1.0;0.02;1.0;0.0;0.16;0.85;0.67
1.0;1.0;0.0;1.0;0.0;0.09;0.22;0.72
0.85;1.0;0.0;1.0;0.0;0.01;0.62;0.71
1.0;1.0;0.0;1.0;0.0;0.95;0.48;0.71
0.86;1.0;0.0;1.0;0.0;0.04;0.84;0.71
0.94;0.99;0.0;1.0;0.0;0.84;0.99;0.72
1.0;0.99;0.0;1.0;0.0;0.63;0.93;0.72
0.95;0.98;0.0;1.0;0.0;0.03;0.97;0.7
0.98;0.97;0.0;1.0;0.0;0.01;0.96;0.72
0.99;0.96;0.0;1.0;0.0;0.0;0.93;0.72
1.0;0.95;0.0;1.0;0.0;0.0;0.91;0.71
0.92;0.94;0.0;1.0;0.0;0.0;1.0;0.74
0.97;0.96;1.0;1.0;0.0;0.0;0.0;0.7
0.91;0.94;0.0;1.0;0.0;0.0;0.12;0.73
1.0;0.93;0.7;1.0;0.0;0.0;0.03;0.7
0.94;0.92;0.0;1.0;0.0;0.0;0.06;0.74
0.94;0.99;0.0;1.0;0.0;0.0;0.0;0.69
0.94;0.99;0.11;1.0;0.0;0.03;0.05;0.74
0.99;1.0;0.36;1.0;0.0;0.0;0.28;0.74
0.91;1.0;0.19;1.0;0.83;0.0;0.73;0.76
0.96;1.0;0.11;1.0;0.41;0.03;0.22;0.78
0.97;1.0;0.77;1.0;0.13;0.0;0.41;0.75
0.93;1.0;0.35;1.0;0.0;0.0;0.88;0.7
0.91;1.0;0.93;1.0;0.14;0.0;0.01;0.76
0.93;1.0;0.29;1.0;0.3;0.0;0.04;0.73
0.93;1.0;0.01;1.0;0.03;0.0;0.06;0.72
0.88;1.0;0.07;1.0;0.0;0.72;0.73;0.69
0.96;1.0;0.02;1.0;0.0;0.0;0.93;0.72
0.88;1.0;0.02;0.99;0.0;0.0;0.05;0.71
0.97;1.0;1.0;0.99;0.0;0.0;0.02;0.67
1.0;1.0;0.98;0.99;0.0;0.0;0.01;0.64
1.0;1.0;0.39;0.99;0.0;0.0;0.71;0.65
0.95;1.0;0.5;0.99;0.87;0.01;0.0;0.69
0.96;1.0;0.26;0.99;0.65;0.0;0.02;0.68
0.95;0.99;0.0;1.0;0.0;0.0;0.28;0.62
0.83;1.0;0.05;1.0;0.0;0.01;0.07;0.64
0.61;1.0;0.0;1.0;0.0;0.0;0.0;0.56
0.62;1.0;0.0;1.0;0.0;0.0;0.0;0.54
0.34;1.0;0.0;1.0;0.0;0.0;0.0;0.5
0.9;1.0;0.0;1.0;0.0;0.0;1.0;0.59
0.86;1.0;0.0;1.0;0.0;0.0;0.18;0.62
0.78;1.0;0.99;1.0;0.0;0.0;0.11;0.59
0.54;1.0;0.0;1.0;0.07;0.0;0.0;0.54
0.98;0.94;0.0;1.0;0.0;0.06;0.21;0.78
0.99;0.94;0.0;1.0;0.0;0.72;0.53;0.79
0.98;0.95;0.0;1.0;0.0;0.01;0.94;0.78
0.57;0.94;0.0;1.0;0.0;0.0;0.01;0.78
0.62;0.95;0.0;1.0;0.0;0.03;0.29;0.73
0.85;0.95;0.0;1.0;1.0;0.0;0.5;0.71
0.94;0.96;1.0;1.0;0.0;0.0;0.52;0.68
0.8;0.96;0.43;1.0;0.23;0.0;0.76;0.72
0.96;0.96;0.84;1.0;0.32;0.0;0.6;0.71
0.91;0.97;0.58;1.0;0.71;0.0;0.23;0.71
0.87;0.97;0.7;1.0;0.03;0.0;0.34;0.68
0.8;0.98;0.36;1.0;0.89;0.0;0.66;0.75
0.84;0.98;0.7;1.0;0.0;0.0;0.28;0.75
0.75;0.98;0.02;1.0;0.0;0.0;0.16;0.75
1.0;0.97;0.0;1.0;0.0;0.0;0.0;0.71
0.76;0.99;0.77;1.0;0.0;0.01;0.05;0.74
0.73;0.99;0.07;1.0;0.0;0.0;0.0;0.74
0.73;0.99;0.0;1.0;0.0;0.0;0.0;0.72
1.0;0.79;0.0;1.0;1.0;0.0;0.34;0.73
0.99;0.76;0.0;1.0;0.16;0.0;0.99;0.77
1.0;0.78;0.0;1.0;0.0;0.0;0.05;0.73
0.97;0.84;0.0;1.0;0.0;0.0;0.4;0.71
1.0;0.8;0.0;1.0;0.77;0.0;0.21;0.76
1.0;0.79;0.0;1.0;0.03;0.0;0.4;0.76
1.0;0.78;0.0;1.0;0.96;0.0;0.82;0.77
1.0;0.77;0.0;1.0;0.46;0.0;0.02;0.75
0.99;0.76;0.0;0.99;0.0;0.0;0.0;0.78
0.99;0.75;0.0;0.99;0.0;0.0;0.01;0.79
0.94;0.72;0.0;0.99;0.0;0.0;0.06;0.82
0.89;0.71;0.0;0.99;0.0;0.0;0.0;0.82
0.91;0.69;0.0;0.99;0.0;0.0;0.0;0.83
0.75;0.7;0.0;0.99;0.0;0.0;0.0;0.8
0.7;0.66;0.0;0.99;0.0;0.22;0.0;0.81
0.79;0.67;0.0;0.99;0.0;0.0;0.0;0.8
0.76;0.68;0.0;0.99;0.0;0.48;0.0;0.81
0.9;0.94;0.15;0.91;0.0;0.03;0.0;0.75
0.62;0.97;0.19;0.96;0.13;0.0;0.27;0.75
0.71;0.97;0.01;0.96;0.0;0.0;0.79;0.72
0.32;0.98;0.0;0.98;0.0;0.0;0.73;0.63
0.73;0.31;0.0;0.99;0.09;0.91;1.0;0.73
0.76;0.34;0.0;0.99;0.02;0.02;0.41;0.68
0.79;0.37;0.0;0.99;0.02;0.0;0.0;0.72
0.66;0.39;0.0;1.0;0.97;0.42;0.43;0.71
0.61;0.42;0.0;1.0;0.25;1.0;0.96;0.63
0.7;0.43;0.0;1.0;0.9;0.4;0.31;0.67
0.57;0.46;0.0;1.0;0.96;0.18;0.91;0.65
0.78;0.47;0.58;1.0;0.58;0.0;0.55;0.71
0.36;0.5;0.0;1.0;0.0;0.0;0.4;0.63
0.57;0.51;0.0;1.0;0.0;0.0;0.29;0.64
0.23;0.58;0.0;0.99;0.0;0.91;0.0;0.8
0.23;0.56;0.0;0.99;0.0;0.71;0.0;0.83
0.33;0.59;0.0;0.99;0.0;0.01;0.0;0.79
0.34;0.58;0.0;0.99;0.0;0.0;0.0;0.78
0.32;0.59;0.0;0.99;0.0;0.96;0.0;0.79
0.31;0.59;0.0;0.99;0.0;0.44;0.0;0.79
0.33;0.6;0.0;0.99;0.0;0.96;0.0;0.79
0.31;0.59;0.0;0.99;0.0;0.0;0.0;0.79
0.24;0.58;0.0;0.99;0.0;0.45;0.0;0.81
0.2;0.57;0.0;0.99;0.0;0.95;0.0;0.81
0.18;0.57;0.0;0.99;0.0;0.0;0.0;0.8
0.2;0.56;0.0;0.99;0.0;0.09;0.0;0.8
0.17;0.57;0.0;0.99;0.0;0.0;0.0;0.79
0.2;0.56;0.0;0.99;0.0;0.33;0.0;0.81
0.22;0.55;0.0;0.99;0.0;0.0;0.0;0.8
0.23;0.55;0.0;0.99;0.0;1.0;0.0;0.81
0.69;0.62;0.0;0.99;0.11;0.0;0.36;0.71
0.49;0.62;0.0;0.99;0.0;0.37;0.07;0.71
0.82;0.63;0.0;0.99;0.04;0.0;0.02;0.7
0.59;0.62;0.0;0.99;0.0;0.0;0.0;0.74
0.51;0.62;0.0;0.99;0.0;0.0;0.0;0.72
0.66;0.62;0.0;0.99;0.0;0.0;0.0;0.74
0.65;0.62;0.0;0.99;0.0;0.0;0.36;0.78
0.74;0.62;0.0;0.99;0.02;0.0;0.03;0.78
0.79;0.61;0.0;0.99;0.0;0.0;0.01;0.77
0.74;0.61;0.0;0.98;0.14;0.0;0.0;0.73
0.66;0.6;0.0;0.98;0.0;0.0;0.0;0.75
0.65;0.59;0.0;0.98;0.0;0.0;0.0;0.71
0.64;0.59;0.0;0.98;0.0;0.0;0.0;0.73
0.63;0.62;0.0;0.98;0.0;0.0;0.0;0.75
0.65;0.6;0.0;0.98;0.0;0.0;0.0;0.72
0.67;0.58;0.0;0.98;0.04;0.58;0.0;0.73
0.7;0.58;0.02;0.98;0.37;0.93;0.0;0.75
0.64;0.99;0.0;0.98;0.49;0.0;0.01;0.68
0.51;0.99;0.0;0.99;0.0;0.0;0.18;0.65
0.44;0.98;0.0;0.99;0.0;0.0;0.62;0.64
0.49;0.98;0.36;0.99;0.0;0.0;0.59;0.65
0.82;0.98;0.0;0.99;0.0;0.0;0.0;0.62
0.89;0.98;0.21;0.99;0.04;0.0;0.12;0.59
0.87;0.99;1.0;0.99;0.0;0.0;0.0;0.59
0.87;0.99;0.35;0.99;0.3;0.0;0.08;0.59
0.91;0.99;0.02;0.99;0.8;0.0;0.01;0.61
0.9;0.99;0.0;0.99;0.0;0.0;0.46;0.58
0.96;0.99;0.0;0.99;0.04;0.0;0.86;0.63
0.97;0.99;0.11;1.0;0.04;0.0;0.25;0.61
0.96;0.99;0.0;1.0;0.38;0.0;0.09;0.59
0.58;0.41;0.0;0.99;0.0;0.0;0.0;0.74
0.92;0.42;0.0;0.99;0.3;0.0;0.25;0.67
0.97;0.44;0.0;0.99;0.0;0.0;0.32;0.64
0.66;0.45;0.0;0.99;0.0;0.0;0.0;0.62
0.84;0.46;0.0;0.99;0.53;0.0;0.01;0.71
0.38;0.96;0.0;1.0;0.0;0.0;0.99;0.57
0.4;0.98;0.0;1.0;0.0;0.0;0.33;0.6
0.6;0.99;0.0;1.0;0.0;0.0;0.0;0.59
0.44;0.98;0.0;1.0;0.0;0.0;0.0;0.62
0.57;0.99;0.0;1.0;0.0;0.0;0.0;0.62
0.62;1.0;0.0;1.0;0.0;0.0;0.0;0.63
0.64;1.0;0.0;1.0;0.0;0.0;0.0;0.64
0.69;1.0;0.0;1.0;0.38;0.0;0.0;0.7
0.66;1.0;0.0;1.0;0.33;0.0;0.0;0.69
0.58;1.0;0.0;1.0;0.0;0.0;0.0;0.66
0.73;1.0;0.0;1.0;0.0;0.0;0.0;0.68
0.73;0.99;0.0;1.0;0.0;0.0;0.0;0.7
0.82;0.99;0.0;1.0;0.4;0.0;0.97;0.66
0.91;0.98;0.0;1.0;0.01;0.0;0.01;0.67
0.97;0.99;0.0;1.0;0.73;0.0;0.0;0.66
0.91;0.98;0.0;1.0;0.34;0.0;0.78;0.68
0.99;0.96;0.0;1.0;0.0;0.0;0.02;0.68
1.0;0.95;0.19;1.0;0.0;0.0;0.48;0.7
0.76;0.57;0.0;0.99;0.03;0.0;0.41;0.74
0.66;0.59;0.0;0.99;0.0;0.0;0.24;0.77
0.62;0.58;0.0;0.99;0.0;0.0;0.22;0.79
0.67;0.55;0.0;0.99;0.0;0.6;0.12;0.81
0.63;0.55;0.0;0.99;0.0;0.05;0.13;0.8
0.51;0.55;0.0;0.99;0.0;0.8;0.0;0.77
0.5;0.54;0.0;0.99;0.0;0.01;0.0;0.8
0.48;0.54;0.0;0.99;0.0;0.0;0.0;0.78
0.55;0.53;0.0;0.99;0.0;0.0;0.0;0.79
0.46;0.52;0.0;0.99;0.0;0.0;0.0;0.78
0.44;0.52;0.0;0.99;0.0;0.57;0.0;0.75
0.48;0.51;0.0;0.99;0.0;0.16;0.0;0.76
0.36;0.53;0.0;0.99;0.0;0.03;0.0;0.77
0.61;0.52;0.0;0.99;0.32;0.02;0.0;0.74
0.68;0.52;0.0;0.99;0.0;0.01;0.0;0.77
0.59;0.52;0.0;0.99;0.0;0.0;0.0;0.75
0.77;0.63;0.0;0.98;0.0;0.0;0.14;0.76
0.98;0.63;0.0;0.98;0.0;0.0;0.78;0.75
0.93;0.66;0.0;0.98;0.0;0.0;0.0;0.8
0.62;0.67;0.0;0.98;0.91;1.0;0.0;0.78
0.8;0.7;0.0;0.98;0.0;0.03;0.0;0.79
0.99;0.74;0.0;0.98;0.0;0.98;0.45;0.76
0.95;0.77;0.0;0.99;0.0;0.42;0.0;0.82
0.93;0.79;0.0;0.99;0.06;0.03;0.0;0.76
0.46;0.79;0.0;0.99;0.0;0.99;0.0;0.71
0.52;0.79;0.0;0.99;0.0;0.26;0.0;0.72
0.76;0.79;0.0;0.99;0.99;0.01;0.0;0.68
1.0;0.81;0.0;0.99;0.21;0.02;0.02;0.74
0.94;0.83;0.01;0.99;0.0;0.09;0.01;0.74
0.93;0.85;0.0;0.99;0.14;0.0;0.01;0.7
0.99;0.84;0.0;1.0;0.0;0.0;0.01;0.73
0.7;0.85;0.0;1.0;0.62;0.0;0.0;0.67
0.61;0.86;0.0;1.0;0.16;0.0;0.0;0.68
0.66;0.86;0.0;1.0;0.0;0.0;0.0;0.72
0.66;0.68;1.0;0.99;0.0;0.0;0.02;0.74
0.91;0.7;0.66;0.99;0.0;0.0;0.0;0.71
0.96;0.73;0.0;0.99;0.0;0.0;0.0;0.67
1.0;0.77;0.01;0.99;0.0;0.0;0.0;0.63
0.96;0.8;0.95;0.99;0.0;0.0;0.0;0.61
0.85;0.81;0.0;0.99;0.0;0.0;0.0;0.54
0.86;0.8;0.26;0.99;0.0;0.0;0.0;0.61
0.99;0.8;0.19;0.99;0.0;0.0;0.08;0.7
0.99;0.8;0.97;0.99;0.0;0.0;0.0;0.64
0.97;0.79;0.0;0.99;0.0;0.0;0.0;0.61
1.0;0.79;0.7;0.99;0.0;0.0;0.0;0.69
0.93;0.78;0.0;0.99;0.0;0.0;0.01;0.7
0.97;0.82;0.19;0.99;0.0;0.0;0.88;0.66
0.89;0.78;0.02;0.99;0.0;0.0;0.99;0.67
0.95;0.75;0.0;0.99;0.0;0.0;0.0;0.76
0.97;0.74;0.77;0.99;0.0;0.0;0.23;0.66
0.95;0.93;0.32;1.0;0.0;0.0;0.48;0.73
0.8;0.94;0.0;1.0;0.0;0.0;0.18;0.78
0.76;0.94;0.0;1.0;0.0;0.0;0.35;0.77
0.75;0.94;0.21;1.0;0.0;0.0;0.97;0.77
0.82;0.94;0.0;1.0;0.02;0.0;0.37;0.77
0.98;0.95;0.04;1.0;0.76;0.99;0.0;0.73
0.96;0.95;0.95;1.0;0.0;0.85;0.09;0.7
0.92;0.96;0.32;1.0;0.0;0.34;0.12;0.71
0.71;0.96;0.21;1.0;0.0;0.0;0.24;0.73
0.74;0.97;0.58;1.0;0.0;0.22;0.09;0.73
0.79;0.97;0.97;1.0;0.0;0.98;0.16;0.72
0.8;0.97;0.46;1.0;0.0;0.05;0.29;0.73
0.67;0.97;0.08;1.0;0.0;0.83;0.87;0.76
0.83;0.98;0.1;1.0;0.0;0.03;0.75;0.73
0.87;0.98;1.0;1.0;0.0;0.07;0.03;0.76
0.76;0.99;0.77;1.0;0.0;0.17;0.16;0.74
0.55;0.4;0.0;0.97;0.04;0.4;0.99;0.72
0.37;0.42;0.0;0.97;0.0;0.99;0.38;0.7
0.48;0.42;0.0;0.97;0.01;0.0;0.13;0.64
0.28;0.43;0.0;0.97;0.0;1.0;0.46;0.65
0.32;0.43;0.0;0.97;0.0;0.99;0.91;0.71
0.35;0.46;0.0;0.97;0.49;0.07;0.25;0.64
0.9;0.5;0.0;0.98;0.85;0.44;1.0;0.62
0.99;0.51;0.0;0.98;0.65;0.0;0.66;0.62
0.86;0.52;0.0;0.98;0.01;0.0;0.97;0.59
0.93;0.54;0.0;0.98;0.0;0.02;0.45;0.67
0.92;0.54;0.0;0.98;0.0;0.0;0.55;0.6
0.99;0.55;0.0;0.98;0.59;0.0;0.79;0.59
0.88;0.57;0.0;0.99;0.95;0.0;0.43;0.56
0.92;0.98;0.02;0.99;0.02;0.01;0.03;0.72
0.42;0.59;0.0;0.51;0.0;0.0;0.01;0.64
0.46;0.6;0.0;0.65;0.0;0.0;0.16;0.69
0.42;0.59;0.0;0.77;0.0;0.0;0.01;0.63
0.89;0.61;0.0;0.83;0.0;0.0;0.16;0.69
0.72;0.6;0.0;0.88;0.0;0.0;0.67;0.66
0.81;0.62;0.0;0.93;0.0;0.0;0.07;0.62
0.47;0.62;0.0;0.96;0.0;0.0;0.51;0.64
0.34;0.62;0.0;0.98;0.0;0.0;0.68;0.64
0.26;0.62;0.0;0.99;0.0;0.0;0.02;0.59
0.45;0.63;0.0;0.99;0.0;0.0;0.01;0.64
0.36;0.63;0.0;0.99;0.0;0.0;0.73;0.62
1.0;0.79;0.0;1.0;0.0;0.01;0.02;0.84
0.96;0.81;0.74;1.0;0.0;0.0;0.07;0.78
1.0;0.82;0.39;1.0;0.01;0.0;0.0;0.78
0.91;0.8;0.54;1.0;0.0;0.0;0.01;0.74
0.95;0.8;0.97;1.0;0.0;0.0;0.1;0.74
0.93;0.81;0.03;1.0;0.21;0.0;0.0;0.71
0.8;0.82;0.19;1.0;0.04;0.96;0.0;0.73
0.84;0.82;0.62;1.0;0.03;0.49;0.0;0.74
0.95;0.83;0.54;1.0;0.02;0.92;0.04;0.73
0.89;0.83;0.07;1.0;0.0;0.0;0.01;0.73
0.99;0.84;0.1;1.0;0.0;0.02;0.4;0.73
0.91;0.85;0.06;1.0;0.0;0.04;0.57;0.76
0.94;0.86;0.43;1.0;0.0;0.0;0.24;0.74
0.94;0.86;0.81;1.0;0.0;0.08;0.13;0.74
0.88;0.86;1.0;1.0;0.0;0.0;0.01;0.75
0.94;0.87;0.0;1.0;0.0;0.01;0.04;0.73
0.95;0.88;0.0;1.0;0.0;0.01;0.55;0.73
0.92;0.84;0.0;1.0;0.0;0.0;0.0;0.72
0.91;0.86;0.0;1.0;0.0;0.0;0.0;0.72
0.85;0.85;0.0;1.0;0.0;0.0;0.0;0.71
0.91;0.85;0.0;1.0;0.0;0.0;0.0;0.66
0.83;0.85;0.0;1.0;0.0;0.0;0.0;0.65
0.91;0.84;0.0;1.0;0.0;0.0;0.0;0.68
0.98;0.82;0.05;1.0;0.0;0.0;0.01;0.71
1.0;0.81;0.0;1.0;0.0;0.0;0.0;0.73
1.0;0.8;0.0;1.0;0.0;0.0;0.0;0.71
0.9;0.78;0.0;1.0;0.0;0.0;0.0;0.78
0.94;0.76;0.0;1.0;0.01;0.0;0.0;0.75
0.92;0.74;0.0;1.0;0.04;0.0;0.0;0.78
0.91;0.76;0.0;1.0;0.52;0.0;0.03;0.73
0.84;0.73;0.0;1.0;0.53;0.21;0.04;0.78
0.95;0.71;0.0;1.0;0.37;0.94;0.01;0.72
0.93;0.7;0.0;1.0;0.95;1.0;0.01;0.78
0.55;0.52;0.0;0.99;0.0;0.0;0.51;0.85
0.26;0.56;0.0;0.99;0.0;0.0;0.94;0.84
0.29;0.55;0.0;0.99;0.0;0.0;0.6;0.84
0.29;0.53;0.0;0.98;0.0;0.0;0.01;0.82
0.29;0.51;0.0;0.98;0.0;0.0;0.71;0.84
0.3;0.5;0.0;0.98;0.0;0.0;0.84;0.85
0.26;0.53;0.0;0.98;0.0;0.0;0.01;0.82
0.27;0.52;0.0;0.98;0.0;0.0;0.05;0.84
0.31;0.5;0.0;0.98;0.0;0.0;0.27;0.81
0.27;0.5;0.0;0.98;0.0;0.0;0.33;0.81
0.94;0.69;0.0;0.99;0.59;0.1;0.0;0.68
0.97;0.69;0.0;0.99;0.93;0.01;0.0;0.69
0.77;0.72;0.0;0.99;0.0;0.49;0.0;0.68
0.93;0.75;0.0;0.99;0.21;0.13;0.0;0.68
0.81;0.77;0.0;0.99;0.0;0.26;0.0;0.67
0.85;0.78;0.0;0.99;0.0;0.06;0.05;0.65
0.72;0.8;0.0;1.0;0.9;0.01;0.04;0.65
0.72;0.83;0.0;1.0;0.01;0.49;0.04;0.7
0.68;0.85;0.0;1.0;0.34;0.93;0.69;0.67
0.61;0.87;0.0;1.0;0.0;0.3;0.87;0.65
0.55;0.89;0.0;1.0;0.0;0.21;0.6;0.65
0.44;0.91;0.0;1.0;0.0;0.01;0.23;0.62
0.23;0.92;0.0;1.0;0.0;0.0;0.99;0.55
0.63;0.89;0.0;1.0;0.0;0.04;0.62;0.64
0.34;0.92;0.0;1.0;0.0;0.14;0.96;0.56
0.49;0.93;0.0;1.0;0.0;0.01;0.78;0.58
0.83;0.95;0.0;1.0;0.0;0.0;0.79;0.64
0.92;0.93;0.06;1.0;0.18;0.0;0.0;0.73
0.96;0.94;0.0;1.0;0.0;0.0;0.0;0.74
0.88;0.95;0.0;1.0;0.0;0.0;0.0;0.74
1.0;0.96;0.19;1.0;0.19;0.0;0.0;0.8
1.0;0.97;0.84;1.0;0.04;0.0;0.0;0.77
0.97;0.98;0.5;1.0;0.0;0.0;0.0;0.73
1.0;0.98;0.21;1.0;0.55;0.0;0.0;0.77
0.99;0.99;0.7;1.0;0.25;0.0;0.0;0.76
0.99;0.99;0.0;1.0;0.3;0.0;0.0;0.76
0.95;0.99;0.99;1.0;0.29;0.0;0.0;0.74
0.97;1.0;0.62;1.0;0.0;0.0;0.0;0.69
0.96;1.0;0.77;1.0;0.0;0.0;0.0;0.71
1.0;1.0;0.99;1.0;0.0;0.0;0.0;0.73
1.0;1.0;0.95;1.0;0.0;0.0;0.0;0.73
0.89;1.0;0.0;1.0;0.0;0.0;0.0;0.68
1.0;1.0;0.81;1.0;0.0;0.0;0.02;0.75
1.0;1.0;0.21;1.0;0.0;0.0;0.0;0.75
0.98;1.0;0.24;1.0;0.0;0.0;0.0;0.74
0.99;0.98;0.0;1.0;0.0;0.27;0.0;0.61
0.97;0.99;0.0;1.0;0.0;0.32;0.0;0.61
0.86;0.98;0.0;1.0;0.04;0.0;0.05;0.59
0.97;0.99;0.0;1.0;0.62;0.0;0.19;0.51
0.83;0.99;0.0;1.0;0.64;0.0;0.01;0.52
0.86;0.99;0.0;1.0;0.27;0.0;0.36;0.51
0.82;0.98;0.0;1.0;0.46;0.0;0.6;0.53
0.85;0.98;0.0;1.0;0.65;0.0;0.64;0.57
0.66;0.98;0.0;1.0;0.0;0.02;0.43;0.49
0.94;0.99;0.0;1.0;0.0;0.0;0.85;0.54
0.9;0.99;0.0;1.0;0.0;0.0;0.55;0.52
0.87;0.98;0.06;1.0;0.0;0.0;0.92;0.55
0.93;0.98;0.9;1.0;0.0;0.0;0.86;0.53
0.94;0.98;0.99;1.0;0.0;0.0;0.88;0.56
0.79;0.96;0.0;1.0;0.0;0.07;0.0;0.54
0.87;0.96;0.0;1.0;0.0;0.0;0.01;0.56
0.95;0.97;0.01;1.0;0.0;0.0;0.0;0.54
0.85;0.97;0.0;1.0;0.0;0.03;0.62;0.46
0.82;0.99;0.0;1.0;0.0;0.79;0.46;0.48
0.77;0.99;0.0;1.0;0.0;1.0;0.82;0.49
0.75;0.99;0.0;1.0;0.0;0.73;0.91;0.45
0.72;1.0;0.0;1.0;0.0;0.16;0.31;0.45
0.74;0.99;0.0;1.0;0.0;1.0;0.96;0.45
0.9;0.99;0.02;1.0;0.0;0.03;0.0;0.53
0.87;0.98;0.0;1.0;0.04;0.72;0.01;0.52
0.96;0.98;0.0;1.0;0.0;0.98;0.0;0.55
0.92;0.99;0.0;1.0;0.0;0.04;0.01;0.53
1.0;0.98;0.0;1.0;0.0;0.81;0.01;0.56
0.43;0.47;0.0;0.99;0.0;0.0;0.0;0.8
0.27;0.49;0.0;0.99;0.0;0.0;0.0;0.83
0.47;0.52;0.0;0.99;0.0;0.0;0.0;0.76
0.38;0.52;0.0;0.99;0.0;0.0;0.0;0.79
0.49;0.51;0.0;0.99;0.0;0.0;0.0;0.81
0.51;0.52;0.0;0.99;0.0;0.0;0.0;0.75
0.61;0.51;0.0;0.99;0.0;0.0;0.0;0.75
0.49;0.48;0.0;0.99;0.0;0.0;0.0;0.76
0.57;0.39;0.0;0.99;0.0;0.0;0.0;0.77
0.48;0.39;0.0;0.99;0.0;0.0;0.0;0.78
0.47;0.36;0.0;0.99;0.0;0.0;0.0;0.78
0.51;0.33;0.0;0.99;0.0;0.0;0.0;0.78
0.38;0.32;0.0;0.99;0.0;0.04;0.0;0.77
0.48;0.3;0.0;0.99;0.0;1.0;0.0;0.75
0.57;0.26;0.02;0.99;0.0;0.0;0.0;0.75
0.55;0.23;0.0;0.99;0.0;0.0;0.0;0.76
0.58;0.22;0.0;0.99;0.0;0.0;0.0;0.75
0.57;0.73;0.0;0.99;0.0;0.0;0.0;0.67
0.38;0.73;0.0;0.99;0.0;0.0;0.0;0.65
0.34;0.73;0.0;0.99;0.0;0.0;0.0;0.65
0.34;0.72;0.0;0.99;0.0;0.0;0.0;0.63
0.31;0.7;0.0;0.99;0.38;0.0;0.0;0.63
0.45;0.7;0.0;0.99;0.0;0.0;0.0;0.66
0.36;0.69;0.0;0.99;0.88;0.0;0.01;0.61
0.33;0.68;0.0;0.99;0.09;0.0;0.11;0.68
0.46;0.68;0.0;0.98;0.98;0.0;0.46;0.72
0.42;0.67;0.0;0.98;0.49;0.0;0.24;0.7
0.35;0.65;0.0;0.98;0.61;0.0;0.4;0.69
0.53;0.65;0.0;0.98;0.46;0.19;0.79;0.68
0.35;0.64;0.0;0.98;0.0;0.01;0.99;0.69
0.41;0.65;0.0;0.98;0.0;0.08;1.0;0.7
0.26;0.62;0.0;0.98;0.0;0.95;0.82;0.72
0.24;0.6;0.0;0.98;0.4;0.96;0.02;0.76
0.6;0.6;0.0;0.98;0.04;0.0;0.0;0.48
0.69;0.59;0.0;0.99;0.0;0.0;0.0;0.68
0.6;0.6;0.0;0.99;0.0;0.25;0.0;0.69
0.8;0.63;0.0;0.99;0.05;0.0;0.0;0.72
0.79;0.62;0.0;0.99;0.85;0.05;0.0;0.69
0.9;0.62;0.0;0.99;0.0;0.68;0.0;0.7
0.96;0.63;0.0;0.99;0.0;0.0;0.0;0.63
0.92;0.65;0.0;0.99;0.0;0.0;0.0;0.66
0.91;0.65;0.0;0.99;0.0;0.03;0.0;0.65
0.96;0.65;0.0;0.99;0.0;0.03;0.0;0.66
0.93;0.64;0.0;0.99;0.0;0.0;0.0;0.65
0.85;0.63;0.0;0.99;0.0;0.29;0.0;0.65
0.72;0.63;0.0;0.98;0.0;0.58;0.0;0.6
0.75;0.62;0.13;0.98;0.12;0.0;0.0;0.63
0.73;0.66;0.0;0.98;0.28;0.0;0.02;0.66
0.74;0.63;0.0;0.98;0.06;0.0;0.0;0.67
0.83;0.61;0.0;0.98;0.15;0.62;0.1;0.68
0.83;0.6;0.02;0.98;0.04;0.13;0.1;0.68
0.62;0.68;0.0;0.96;0.85;0.0;0.0;0.75
0.41;0.72;0.0;0.97;0.88;0.37;0.25;0.68
0.34;0.75;0.0;0.97;0.25;0.0;0.08;0.67
0.73;0.77;0.0;0.98;0.03;0.08;1.0;0.64
0.77;0.79;0.0;0.98;0.58;0.19;0.96;0.65
0.95;0.81;0.0;0.98;0.68;0.0;0.78;0.65
0.99;0.82;0.0;0.98;0.18;0.12;0.43;0.63
1.0;0.83;0.0;0.99;0.8;0.72;0.31;0.61
0.99;0.83;0.0;0.99;0.55;0.91;0.68;0.66
0.95;0.84;0.0;0.99;0.25;0.99;0.66;0.64
0.89;0.86;0.0;0.99;0.18;0.94;0.99;0.61
0.99;0.87;0.0;0.99;0.98;0.09;0.11;0.69
0.85;1.0;0.0;1.0;0.85;0.91;0.0;0.79
1.0;0.99;0.01;1.0;0.05;0.03;0.0;0.76
0.98;0.99;0.0;1.0;0.07;0.54;0.0;0.69
0.99;0.99;0.0;1.0;0.01;0.95;0.0;0.7
0.95;0.99;0.0;1.0;0.0;0.0;0.0;0.74
0.81;1.0;0.0;1.0;0.0;0.0;0.0;0.79
1.0;0.99;0.0;1.0;0.0;0.0;0.03;0.73
0.96;0.99;0.0;1.0;0.65;0.01;0.0;0.69
0.95;0.99;0.0;1.0;0.0;0.0;0.0;0.73
0.84;0.66;0.0;0.98;0.05;0.0;0.19;0.77
0.94;0.66;0.0;0.98;0.49;0.0;0.13;0.79
0.96;0.69;0.0;0.98;0.62;0.0;0.98;0.81
0.9;0.67;0.0;0.98;0.49;0.0;0.79;0.81
0.83;0.67;0.0;0.98;0.0;0.08;0.93;0.8
0.93;0.65;0.0;0.98;0.0;0.0;0.02;0.8
0.94;0.65;0.0;0.98;0.0;0.0;0.0;0.78
0.95;0.64;0.0;0.98;0.0;0.0;0.02;0.8
0.93;0.64;0.0;0.98;0.0;0.03;0.35;0.78
0.94;0.63;0.0;0.98;0.0;0.0;0.03;0.8
0.97;0.63;0.0;0.98;0.46;0.0;0.21;0.78
0.94;0.63;0.0;0.98;0.01;0.0;0.0;0.78
0.88;0.65;0.0;0.98;0.01;0.0;0.0;0.79
0.89;0.64;0.0;0.97;0.03;0.0;0.07;0.78
0.86;0.63;0.0;0.97;0.11;0.0;0.01;0.8
0.94;0.62;0.07;0.97;0.34;0.0;0.0;0.78
0.92;1.0;0.0;1.0;0.52;0.01;0.97;0.69
0.48;0.99;0.0;1.0;0.46;0.0;0.03;0.53
0.69;0.99;0.1;1.0;0.87;0.0;0.64;0.54
0.66;0.99;0.0;1.0;0.96;0.0;0.02;0.54
1.0;0.95;0.0;0.99;0.65;0.0;0.0;0.76
0.98;0.93;0.0;1.0;0.01;0.0;0.0;0.76
0.95;0.92;0.11;1.0;0.53;0.0;0.0;0.79
1.0;0.92;0.0;1.0;0.0;0.0;0.02;0.82
1.0;0.91;0.0;1.0;0.17;0.0;0.08;0.81
0.98;0.89;0.0;1.0;0.0;0.0;0.27;0.8
0.97;0.88;0.0;1.0;0.0;0.0;0.0;0.78
0.96;0.87;0.0;1.0;0.23;0.0;0.1;0.79
0.93;0.86;0.73;1.0;0.03;1.0;0.23;0.8
0.93;0.86;0.0;1.0;0.9;0.26;0.62;0.8
1.0;0.86;0.0;1.0;0.21;0.28;0.41;0.81
0.95;0.85;0.0;1.0;0.98;0.29;0.97;0.8
0.92;0.84;0.0;1.0;0.0;0.0;0.08;0.79
0.82;0.83;0.0;1.0;0.0;0.07;0.51;0.84
0.86;0.84;0.0;1.0;0.0;0.06;0.04;0.81
0.83;0.83;0.0;1.0;0.01;0.44;0.59;0.84
0.92;0.83;0.0;1.0;0.0;0.71;0.73;0.83
0.81;0.83;0.0;1.0;0.0;0.17;0.16;0.85
0.63;0.67;0.0;0.97;0.0;0.43;0.0;0.77
0.79;0.69;0.08;0.97;1.0;0.32;0.31;0.81
0.53;0.67;0.43;0.98;0.0;0.61;0.0;0.83
0.65;0.68;0.5;0.98;0.0;0.0;0.0;0.79
0.65;0.7;0.99;0.98;0.0;0.98;0.0;0.86
0.71;0.71;0.04;0.98;0.12;0.95;0.0;0.76
0.78;0.72;0.29;0.98;0.0;0.13;0.0;0.77
0.43;0.72;0.5;0.99;0.11;0.0;0.0;0.82
0.91;0.73;0.02;0.99;0.0;0.0;0.01;0.78
0.69;0.75;0.15;0.99;0.07;0.0;0.01;0.8
0.71;0.75;0.0;0.99;1.0;0.0;0.06;0.76
0.75;0.76;0.0;0.99;0.0;0.0;0.01;0.77
0.82;0.77;0.0;0.99;0.0;0.0;0.02;0.76
0.81;0.79;0.0;0.99;0.0;0.0;0.38;0.74
0.78;0.78;0.0;0.99;0.05;0.0;0.03;0.71
0.74;0.8;0.0;1.0;0.0;0.0;0.02;0.75
0.73;0.81;0.0;1.0;0.08;0.0;0.0;0.72
0.75;0.82;0.0;1.0;0.8;0.0;0.29;0.76
0.89;0.37;0.0;0.99;0.58;0.0;0.0;0.81
0.69;0.44;0.0;0.99;0.0;1.0;0.1;0.73
0.59;0.47;0.0;0.99;0.06;0.33;0.0;0.77
0.82;0.68;0.05;1.0;0.0;0.0;0.0;0.78
0.84;0.71;0.24;1.0;0.0;0.0;0.0;0.82
0.85;0.74;0.62;1.0;0.3;0.0;0.0;0.8
0.95;0.75;0.01;1.0;0.04;0.0;0.0;0.77
0.94;0.74;0.0;1.0;0.33;0.01;0.0;0.81
0.91;0.76;0.0;1.0;1.0;0.0;0.0;0.79
0.98;0.76;0.01;1.0;0.06;0.01;0.0;0.76
1.0;0.79;0.02;1.0;0.95;0.0;0.0;0.82
0.99;0.8;0.0;1.0;0.8;0.0;0.0;0.77
0.91;0.8;0.0;1.0;0.0;0.0;0.0;0.79
0.89;0.81;0.0;1.0;0.0;0.16;0.0;0.84
0.99;0.82;0.0;1.0;0.0;0.0;0.0;0.8
0.99;0.83;0.0;1.0;0.0;0.0;0.0;0.75
0.99;0.84;0.0;1.0;0.0;0.95;0.0;0.75
0.83;0.8;0.0;1.0;0.0;0.0;0.0;0.72
1.0;0.82;0.0;1.0;0.0;0.0;0.0;0.74
0.99;0.83;0.0;1.0;0.0;0.0;0.0;0.76
0.94;0.84;0.0;1.0;0.0;0.0;0.0;0.8
0.96;0.7;1.0;0.99;0.0;0.0;0.22;0.83
1.0;0.73;0.54;0.99;0.0;0.0;0.0;0.85
0.95;0.75;1.0;0.99;0.0;0.0;0.0;0.78
0.84;0.83;0.0;0.99;0.0;0.0;0.0;0.77
0.81;0.94;0.0;1.0;0.0;0.04;0.0;0.67
0.9;0.95;0.0;1.0;0.0;0.0;0.0;0.68
0.98;0.96;0.0;1.0;0.0;0.11;0.0;0.7
0.99;0.96;0.0;1.0;0.0;0.0;1.0;0.67
0.92;0.96;0.0;1.0;0.0;0.38;0.06;0.71
0.93;0.96;0.0;1.0;0.0;0.0;0.48;0.67
1.0;0.97;0.0;1.0;0.0;0.0;0.79;0.67
0.84;0.88;0.0;1.0;0.0;0.0;0.0;0.72
0.83;0.84;0.17;1.0;0.04;0.0;0.0;0.71
0.97;0.85;0.01;1.0;0.0;0.0;0.0;0.75
0.83;0.89;1.0;1.0;0.0;0.0;0.0;0.69
0.93;0.89;0.17;1.0;0.0;0.97;0.0;0.72
0.97;0.86;0.02;1.0;0.0;0.24;0.0;0.72
0.95;0.85;0.21;1.0;0.0;0.01;0.03;0.73
0.98;0.84;0.0;1.0;0.0;0.17;0.24;0.73
0.95;0.82;0.0;1.0;0.0;0.01;0.2;0.71
0.94;0.81;0.0;1.0;0.0;0.0;0.0;0.72
0.92;0.79;0.0;1.0;0.04;0.0;0.32;0.71
0.95;0.77;0.0;1.0;0.0;0.0;0.31;0.73
0.93;0.76;0.0;1.0;0.03;0.0;0.46;0.72
0.84;0.77;0.0;1.0;0.0;0.0;0.19;0.77
0.79;0.75;0.0;1.0;0.0;0.0;0.02;0.79
0.9;0.74;0.0;1.0;0.0;0.8;0.02;0.8
0.81;0.73;0.0;1.0;0.0;0.08;0.29;0.72
0.82;0.99;0.01;1.0;0.0;0.05;0.0;0.61
0.8;0.97;0.0;1.0;0.0;0.5;0.0;0.57
0.98;0.95;0.0;1.0;0.0;0.04;0.0;0.54
0.95;0.93;0.0;1.0;0.0;0.04;0.0;0.57
0.98;0.93;0.0;1.0;0.0;1.0;0.0;0.61
0.79;0.93;0.0;1.0;0.0;0.83;0.01;0.57
0.93;0.94;0.0;1.0;0.0;0.9;0.0;0.52
0.98;0.96;0.01;1.0;0.0;0.81;0.0;0.66
0.97;0.96;0.0;1.0;0.0;0.04;0.0;0.68
0.99;0.96;0.39;1.0;0.0;0.73;0.01;0.66
0.97;0.95;0.15;1.0;0.0;0.0;0.0;0.66
0.97;0.95;0.36;1.0;0.0;0.01;0.0;0.6
0.54;0.96;0.0;1.0;0.0;0.0;0.0;0.38
0.09;0.99;0.0;1.0;0.0;0.0;0.0;0.42
0.04;1.0;0.0;1.0;0.0;0.0;0.0;0.32
0.05;1.0;0.0;1.0;0.0;0.0;0.0;0.41
0.35;1.0;0.0;1.0;0.0;0.0;0.0;0.49
0.91;0.5;0.54;0.91;0.0;0.0;0.83;0.82
0.44;0.55;0.84;0.91;0.59;0.0;0.99;0.72
0.43;0.53;0.05;0.92;0.91;0.0;0.34;0.73
0.32;0.51;0.54;0.93;0.23;0.0;0.0;0.72
0.21;0.48;0.0;0.94;0.12;0.0;0.13;0.71
0.39;0.26;0.0;0.97;0.1;0.0;0.69;0.58
0.63;0.27;0.0;0.97;0.44;0.35;0.02;0.71
0.62;0.29;0.43;0.97;0.0;0.26;0.11;0.72
0.79;0.34;0.0;0.98;0.0;0.41;0.0;0.56
0.1;0.33;0.0;0.98;0.0;0.04;0.0;0.57
0.26;0.32;0.0;0.98;0.76;0.57;0.0;0.55
0.72;0.32;0.0;0.98;0.71;0.79;0.0;0.63
0.59;0.31;0.0;0.98;0.67;0.25;0.0;0.6
0.96;0.3;0.0;0.99;0.08;0.25;0.06;0.62
0.54;0.3;0.0;0.99;0.68;0.0;0.06;0.59
0.75;0.31;0.0;0.99;0.33;0.34;0.04;0.59
0.98;0.74;0.01;1.0;0.16;0.01;0.43;0.67
0.99;0.86;0.58;1.0;0.29;0.03;0.09;0.63
1.0;0.84;0.54;1.0;0.25;0.0;0.01;0.61
0.99;0.88;0.43;1.0;0.79;0.0;0.2;0.61
0.97;0.92;0.93;1.0;0.82;0.26;0.06;0.61
0.93;0.88;0.0;1.0;0.0;0.0;0.0;0.69
0.97;0.83;0.0;1.0;0.0;0.0;0.0;0.65
1.0;0.82;0.0;1.0;0.0;0.0;0.0;0.64
1.0;0.87;0.0;1.0;0.0;0.0;0.0;0.66
0.95;0.86;0.0;1.0;0.0;0.0;0.0;0.63
1.0;0.83;0.0;1.0;0.0;0.0;0.0;0.67
0.97;0.81;0.0;1.0;0.0;0.0;0.0;0.67
0.99;0.79;0.0;1.0;0.0;0.0;0.0;0.65
0.88;0.78;0.0;1.0;0.0;0.0;0.0;0.66
0.98;0.76;0.0;1.0;0.0;0.0;0.0;0.66
0.95;0.75;0.0;1.0;0.0;0.0;0.0;0.69
0.82;0.72;0.0;1.0;1.0;0.0;0.45;0.75
0.81;0.7;0.0;1.0;0.04;0.0;0.01;0.71
0.9;0.68;0.0;1.0;0.27;0.0;0.57;0.67
0.77;0.68;0.0;1.0;0.0;0.0;0.05;0.76
0.56;0.66;0.0;1.0;0.09;0.0;0.0;0.78
0.48;0.65;0.0;1.0;0.13;0.0;0.19;0.78
0.7;0.66;0.0;1.0;0.74;0.0;0.99;0.71
0.51;0.23;0.0;0.99;0.0;0.0;0.0;0.75
0.45;0.23;0.0;0.99;0.0;0.0;0.0;0.77
0.45;0.23;0.0;0.99;0.0;0.0;0.0;0.79
0.51;0.23;0.0;0.99;0.0;0.19;0.0;0.76
0.44;0.23;0.0;0.99;0.1;0.05;0.0;0.76
0.54;0.23;0.0;0.99;0.0;0.0;0.0;0.82
0.63;0.23;0.0;0.99;0.0;0.25;0.0;0.79
0.51;0.22;0.0;0.99;0.0;0.92;0.0;0.79
0.47;0.23;0.0;0.99;0.0;0.4;0.0;0.8
0.39;0.23;0.0;0.99;0.0;0.56;0.0;0.78
0.33;0.23;0.0;0.99;0.0;0.15;0.0;0.78
0.4;0.23;0.0;0.99;0.0;0.69;0.0;0.77
0.49;0.23;0.0;0.99;0.0;0.46;0.0;0.79
0.82;0.35;0.13;0.98;0.0;0.0;0.75;0.73
0.7;0.31;0.77;0.99;0.0;0.05;0.0;0.69
0.33;0.31;0.0;0.99;0.0;0.09;0.01;0.75
0.44;0.31;0.0;0.99;0.0;0.7;0.0;0.71
0.38;0.31;0.0;0.99;0.0;0.61;0.43;0.77
0.35;0.31;0.0;0.99;0.0;0.24;0.0;0.75
0.38;0.32;0.0;0.99;0.0;0.02;0.0;0.77
0.56;0.32;0.0;0.99;0.0;0.37;0.01;0.65
0.56;0.32;0.0;0.99;0.0;1.0;0.0;0.67
0.68;0.33;0.0;0.99;0.0;0.85;0.73;0.7
0.53;0.31;0.0;0.99;0.0;0.03;0.98;0.67
0.73;0.32;0.0;0.99;0.0;0.0;0.55;0.65
0.45;0.21;0.0;0.94;0.64;0.0;0.11;0.73
0.91;0.23;0.0;0.94;0.0;0.0;0.25;0.8
0.97;0.26;0.0;0.96;0.0;0.0;0.23;0.84
0.5;0.28;0.0;0.97;0.71;0.03;0.01;0.7
0.66;0.28;0.0;0.97;0.0;0.0;0.0;0.78
0.54;0.29;0.0;0.98;0.99;0.18;0.01;0.74
0.78;0.3;0.0;0.98;0.16;0.48;0.08;0.71
0.47;0.3;0.0;0.99;0.03;0.55;0.03;0.7
0.31;0.29;0.0;0.99;0.01;0.38;0.08;0.64
0.28;0.3;0.0;0.99;0.0;0.99;0.94;0.65
0.26;0.3;0.0;0.99;0.03;0.27;0.86;0.6
0.47;0.31;0.0;0.99;0.7;0.58;0.14;0.6
0.37;0.31;0.0;0.99;0.91;0.86;0.98;0.63
0.26;0.3;0.0;1.0;0.97;0.82;0.97;0.62
0.24;0.3;0.0;1.0;0.85;0.87;1.0;0.61
0.91;0.94;0.0;1.0;0.0;0.0;0.98;0.74
0.84;0.93;0.0;1.0;0.0;0.01;0.31;0.82
0.97;0.92;0.97;1.0;0.27;0.32;0.0;0.8
1.0;0.93;0.62;1.0;0.0;0.88;0.0;0.82
1.0;0.92;0.11;1.0;0.58;0.57;0.02;0.8
0.97;0.91;0.05;1.0;0.0;0.72;0.02;0.84
0.94;0.89;0.08;1.0;0.0;0.89;0.01;0.81
0.97;0.89;0.29;1.0;0.09;0.0;0.97;0.68
0.93;0.87;0.0;1.0;0.01;0.0;0.02;0.73
0.8;0.86;0.77;1.0;0.0;0.0;0.03;0.7
1.0;0.82;0.5;1.0;0.0;0.0;0.0;0.78
1.0;0.81;0.07;1.0;0.0;0.0;0.59;0.81
0.91;0.83;0.81;1.0;0.0;0.0;1.0;0.71
0.92;0.83;0.7;1.0;0.0;0.0;0.81;0.8
0.9;0.8;0.87;1.0;0.0;0.0;0.46;0.8
0.95;0.79;0.19;1.0;0.0;0.0;0.98;0.8
0.53;0.4;0.01;0.96;0.0;0.02;0.92;0.78
0.58;0.41;0.0;0.97;0.0;0.85;0.0;0.81
0.51;0.42;0.0;0.97;0.0;0.98;0.1;0.83
0.42;0.42;0.0;0.97;1.0;0.49;0.17;0.83
0.83;0.42;0.77;0.97;0.0;0.0;0.82;0.85
0.67;0.41;0.58;0.97;0.07;0.0;0.5;0.86
0.38;0.41;0.7;0.98;0.0;0.1;0.97;0.79
0.51;0.42;0.06;0.98;0.0;0.31;0.03;0.8
0.79;0.43;0.32;0.98;0.0;0.03;0.29;0.74
0.53;0.44;0.17;0.98;0.02;0.02;0.0;0.71
0.85;0.45;0.0;0.98;0.98;0.02;0.0;0.63
0.72;0.46;0.0;0.98;0.83;0.39;0.4;0.65
0.93;0.46;0.0;0.98;0.0;0.31;0.01;0.64
0.65;0.45;0.0;0.99;0.0;0.03;0.0;0.6
0.58;0.44;0.0;0.99;0.0;0.99;0.0;0.59
0.62;0.45;0.0;0.99;0.0;0.65;1.0;0.62
0.7;0.45;0.0;0.99;0.37;0.26;0.45;0.67
0.75;0.68;0.0;0.99;0.0;0.0;0.07;0.63
0.67;0.65;0.0;0.99;0.0;0.0;0.05;0.64
0.68;0.65;0.0;0.99;0.0;0.0;0.32;0.64
0.65;0.61;0.0;0.99;0.0;0.0;0.24;0.69
0.54;0.6;0.0;0.99;0.0;0.0;0.0;0.69
0.62;0.59;0.0;0.99;0.0;0.01;0.23;0.64
0.87;0.64;0.0;0.99;0.0;0.98;0.1;0.58
0.75;0.59;0.0;0.99;0.0;0.0;0.98;0.63
0.81;0.56;0.0;0.99;0.0;0.0;0.95;0.64
0.59;0.82;0.0;0.99;0.0;0.01;0.0;0.81
0.64;0.81;0.0;0.99;0.0;0.68;0.02;0.81
0.76;0.8;0.74;0.99;0.77;0.44;0.01;0.81
0.87;0.8;0.0;0.99;0.0;0.17;0.84;0.85
0.87;0.81;0.0;0.99;0.0;0.21;1.0;0.81
0.83;0.81;0.02;0.99;0.0;0.61;0.5;0.82
0.62;0.82;0.0;0.99;0.0;0.01;0.11;0.79
0.75;0.82;0.01;1.0;0.0;0.07;0.0;0.82
0.49;0.83;0.0;1.0;0.0;0.17;0.64;0.8
0.74;0.83;0.35;1.0;0.0;0.0;0.02;0.76
0.83;0.84;0.19;1.0;0.0;0.0;0.68;0.7
0.67;0.85;0.95;1.0;0.0;0.0;0.57;0.71
0.6;0.86;0.84;1.0;0.0;0.0;0.99;0.73
0.85;0.85;0.0;1.0;0.0;0.83;0.03;0.62
0.66;0.86;0.0;1.0;0.0;0.8;0.07;0.68
1.0;0.95;0.9;1.0;0.0;0.0;0.01;0.72
0.99;0.92;0.35;1.0;0.0;0.0;0.0;0.77
0.99;0.9;0.17;1.0;0.0;0.0;0.0;0.74
0.86;0.89;0.0;1.0;0.0;0.01;0.11;0.8
0.95;0.88;0.0;1.0;0.0;0.01;0.53;0.82
0.84;0.87;0.0;1.0;0.0;0.07;0.18;0.83
0.91;0.92;0.0;1.0;0.0;0.35;0.76;0.84
0.93;0.91;0.0;1.0;0.02;0.88;0.55;0.83
0.98;0.88;0.0;1.0;0.04;0.28;0.81;0.81
0.97;0.86;0.0;1.0;0.04;1.0;0.81;0.81
0.72;0.94;0.0;1.0;0.0;0.0;1.0;0.75
0.57;0.94;0.0;1.0;0.0;0.0;0.53;0.79
0.51;0.95;0.0;1.0;0.0;0.01;0.88;0.8
0.59;0.95;0.0;1.0;0.32;0.11;0.28;0.78
0.54;0.94;0.54;1.0;0.0;0.0;0.35;0.75
0.36;0.94;0.03;1.0;0.13;0.0;0.0;0.72
0.31;0.94;0.01;1.0;0.88;0.0;0.0;0.77
0.64;0.93;0.26;1.0;0.29;0.0;0.0;0.77
0.84;0.93;0.01;1.0;0.3;0.0;0.51;0.75
0.58;0.92;0.0;1.0;0.99;0.0;0.19;0.78
0.77;0.92;0.9;1.0;0.0;0.0;0.28;0.77
0.7;0.92;0.0;1.0;0.0;0.0;0.19;0.79
0.76;0.92;0.01;1.0;0.0;0.0;0.19;0.76
0.93;0.94;0.19;1.0;0.0;0.0;0.66;0.72
0.92;0.93;0.19;1.0;0.0;0.37;1.0;0.71
0.48;0.93;0.0;1.0;0.0;0.0;0.62;0.8
0.49;0.92;0.0;1.0;0.0;0.0;0.97;0.78
0.96;0.95;0.95;1.0;0.0;0.0;0.0;0.68
0.87;0.96;0.98;1.0;0.02;0.0;0.0;0.63
1.0;0.97;0.0;1.0;0.0;0.07;0.0;0.67
1.0;0.96;0.01;1.0;0.0;0.0;0.0;0.64
1.0;0.97;0.03;1.0;0.0;0.0;0.0;0.67
0.97;0.98;0.0;1.0;0.0;0.0;0.0;0.66
0.92;0.98;0.46;1.0;0.0;0.12;0.0;0.64
0.98;0.99;0.97;1.0;0.0;0.02;0.0;0.68
0.94;1.0;0.99;1.0;0.0;0.0;0.0;0.68
0.91;1.0;0.1;1.0;0.0;0.0;0.0;0.66
1.0;1.0;0.15;1.0;0.0;0.14;0.0;0.68
0.99;1.0;0.29;1.0;0.0;0.09;0.0;0.68
0.99;1.0;0.0;1.0;0.0;0.0;0.0;0.68
0.97;1.0;0.99;1.0;0.19;0.0;0.0;0.7
0.96;1.0;0.0;1.0;0.0;0.09;0.0;0.72
0.93;0.99;0.0;1.0;0.0;0.0;0.0;0.7
0.99;1.0;0.81;1.0;0.0;0.01;0.0;0.67
0.97;0.99;0.07;1.0;0.0;0.0;0.0;0.7
0.8;0.92;0.0;0.99;0.25;0.08;0.0;0.7
0.75;0.94;0.0;0.99;0.0;0.06;0.0;0.75
0.79;0.95;0.0;0.99;0.0;0.0;0.0;0.79
0.94;0.98;0.0;0.99;0.04;0.0;0.0;0.79
0.9;0.99;0.0;1.0;0.01;0.0;0.0;0.74
0.91;1.0;0.0;1.0;1.0;0.0;0.0;0.75
0.88;1.0;0.0;1.0;0.99;0.0;0.0;0.75
0.93;1.0;0.0;1.0;0.0;0.0;0.0;0.72
0.95;1.0;0.0;1.0;0.85;0.01;0.0;0.76
0.99;1.0;0.0;1.0;0.0;0.0;0.0;0.72
1.0;1.0;0.0;1.0;0.02;0.19;0.01;0.73
1.0;1.0;0.0;1.0;0.15;0.0;0.0;0.77
0.92;1.0;0.0;1.0;0.28;0.0;0.02;0.69
0.98;1.0;0.0;1.0;0.0;0.0;0.01;0.73
0.97;1.0;0.0;1.0;0.25;0.0;0.01;0.72
1.0;1.0;0.0;1.0;0.04;0.0;0.0;0.73
0.98;0.97;0.26;1.0;0.0;0.0;0.13;0.61
0.88;0.97;0.84;1.0;0.0;0.0;0.03;0.56
1.0;0.96;0.99;1.0;0.0;0.0;0.96;0.55
0.98;0.96;0.77;1.0;0.0;0.0;0.91;0.57
0.98;0.96;0.0;1.0;0.0;0.0;0.97;0.55
0.95;0.95;0.0;1.0;0.0;0.0;0.28;0.6
0.99;0.95;0.0;1.0;0.0;0.0;0.83;0.6
0.97;0.94;0.0;1.0;0.0;0.0;0.6;0.61
0.99;0.94;0.0;1.0;0.0;0.0;0.01;0.62
0.99;0.92;0.0;1.0;0.0;0.0;0.97;0.58
0.99;0.91;0.01;1.0;0.0;0.09;0.81;0.6
1.0;0.9;0.26;1.0;0.02;0.0;0.1;0.6
0.98;0.94;0.0;1.0;0.02;0.07;0.02;0.58
0.99;0.89;0.0;1.0;0.32;0.7;0.27;0.6
0.96;0.88;0.01;1.0;0.03;0.04;0.48;0.6
0.96;0.93;0.24;1.0;0.0;0.0;0.0;0.79
0.93;0.94;0.0;1.0;0.91;0.0;0.02;0.7
0.97;0.94;0.0;1.0;0.0;0.0;0.78;0.75
0.97;0.95;0.0;1.0;0.18;0.0;0.02;0.69
1.0;0.95;0.0;1.0;0.0;0.0;0.67;0.76
0.99;0.96;0.0;1.0;0.0;0.0;0.02;0.61
0.91;0.96;0.0;1.0;0.46;0.0;0.02;0.58
0.95;0.97;0.0;1.0;0.91;0.0;0.96;0.57
0.88;0.95;0.0;1.0;0.0;0.0;0.25;0.68
0.99;0.96;0.0;1.0;0.79;0.0;0.12;0.62
0.8;0.96;0.0;1.0;0.06;0.0;0.27;0.58
0.75;0.97;0.0;1.0;0.0;0.0;0.05;0.57
0.8;0.16;0.0;0.93;0.0;0.42;0.95;0.65
0.89;0.17;0.0;0.93;0.0;0.04;0.01;0.72
0.82;0.18;0.0;0.94;0.0;1.0;0.0;0.69
0.93;0.21;0.77;0.95;0.0;0.52;0.71;0.7
0.78;0.25;0.0;0.96;0.0;0.01;0.0;0.62
0.66;0.26;0.0;0.96;0.0;0.41;0.16;0.65
0.82;0.26;0.0;0.96;0.0;0.27;0.25;0.61
0.92;0.26;0.0;0.97;0.0;0.04;0.16;0.6
0.98;0.24;0.0;0.97;0.0;0.28;0.0;0.6
0.85;0.25;0.0;0.97;0.0;0.27;0.22;0.64
0.98;0.25;0.0;0.97;0.0;0.03;0.12;0.65
0.73;0.63;0.0;0.99;0.01;0.0;0.31;0.74
0.61;0.66;0.0;1.0;0.4;0.0;0.01;0.76
0.87;0.69;0.1;1.0;0.0;0.0;0.0;0.86
0.63;0.7;0.0;1.0;0.01;0.0;0.0;0.73
0.81;0.74;0.66;1.0;0.0;0.0;0.0;0.69
0.6;0.76;0.73;1.0;0.0;0.0;0.0;0.69
0.72;0.78;0.1;1.0;0.0;0.0;0.01;0.68
0.73;0.81;0.02;1.0;0.0;0.0;0.16;0.69
0.73;0.82;0.77;1.0;0.0;0.0;0.01;0.71
0.67;0.73;0.21;1.0;0.0;0.0;0.08;0.7
0.69;0.74;0.0;1.0;0.0;0.0;0.87;0.65
0.71;0.75;0.0;1.0;0.02;0.0;0.2;0.64
0.9;0.98;0.39;0.97;0.25;0.0;0.02;0.83
0.79;1.0;0.02;0.98;0.0;0.0;0.45;0.75
0.73;1.0;0.39;0.99;0.01;0.0;0.05;0.72
0.89;1.0;0.0;0.99;0.96;0.0;0.01;0.74
0.73;0.99;0.05;0.99;0.88;0.0;0.0;0.72
0.73;0.98;0.0;0.99;0.0;0.0;0.18;0.72
0.75;0.99;1.0;0.99;0.0;0.0;0.05;0.74
0.92;0.99;1.0;0.99;0.0;0.0;0.01;0.72
0.95;0.99;0.01;0.99;0.0;0.0;0.0;0.75
0.86;0.49;0.42;1.0;0.0;0.0;0.0;0.77
0.73;0.51;0.77;1.0;0.0;0.0;0.0;0.79
0.91;0.53;0.93;1.0;0.0;0.55;0.0;0.69
0.69;0.55;0.19;1.0;0.0;0.01;0.0;0.7
0.44;0.56;0.0;1.0;0.0;0.65;0.0;0.72
0.63;0.58;0.0;1.0;0.0;0.11;0.0;0.7
0.8;0.6;0.0;1.0;0.38;0.0;0.0;0.64
0.93;0.62;0.39;1.0;0.16;0.0;0.02;0.63
0.88;0.64;0.0;1.0;0.76;0.0;0.08;0.55
0.96;0.63;0.15;1.0;0.0;0.0;0.12;0.59
0.85;0.67;0.84;1.0;0.0;0.0;0.79;0.55
0.91;0.7;0.04;1.0;0.55;0.0;0.99;0.54
1.0;0.72;0.07;1.0;0.1;0.0;0.58;0.55
0.92;0.7;0.42;1.0;0.49;0.0;0.16;0.59
0.81;0.71;0.0;1.0;0.0;0.0;0.79;0.54
1.0;0.73;0.0;1.0;0.0;0.0;0.93;0.58
1.0;0.74;0.0;1.0;0.7;0.0;0.41;0.57
0.31;0.52;0.0;0.99;0.0;0.0;0.0;0.77
0.25;0.51;0.0;0.99;0.0;0.0;0.0;0.79
0.29;0.53;0.0;0.99;0.0;0.0;0.0;0.78
0.27;0.52;0.0;0.99;0.0;0.0;0.0;0.81
0.3;0.53;0.0;0.99;0.0;0.0;0.0;0.77
0.32;0.53;0.0;0.99;0.0;0.0;0.0;0.76
0.36;0.53;0.0;0.99;0.0;0.0;0.0;0.78
0.36;0.52;0.0;0.99;0.0;0.0;0.0;0.79
0.28;0.51;0.0;0.99;0.0;0.0;0.0;0.77
0.3;0.5;0.0;0.99;0.0;0.0;0.0;0.8
0.3;0.5;0.0;0.99;0.0;0.0;0.0;0.78
0.32;0.49;0.0;0.99;0.0;0.0;0.0;0.76
0.29;0.51;0.0;0.99;0.0;0.0;0.0;0.74
0.36;0.49;0.0;0.99;0.0;0.0;0.0;0.78
0.33;0.48;0.0;0.99;0.0;0.0;0.0;0.78
0.38;0.48;0.0;0.99;0.0;0.0;0.0;0.77
0.36;0.67;0.0;0.99;0.0;0.0;0.0;0.79
0.25;0.66;0.0;0.99;0.0;0.0;0.0;0.77
0.33;0.67;0.0;0.99;0.0;0.0;0.0;0.77
0.4;0.68;0.0;0.99;0.0;0.0;0.0;0.77
0.41;0.67;0.0;0.99;0.0;0.0;0.0;0.79
0.39;0.66;0.0;0.99;0.0;0.0;0.0;0.79
0.37;0.65;0.0;0.99;0.0;0.0;0.0;0.84
0.36;0.64;0.0;0.99;0.0;0.0;0.0;0.8
0.32;0.64;0.0;0.99;0.0;0.0;0.0;0.83
0.4;0.63;0.0;0.99;0.0;0.0;0.0;0.79
0.35;0.62;0.0;0.99;0.0;0.0;0.0;0.82
0.34;0.62;0.0;0.99;0.0;0.0;0.0;0.82
0.4;0.61;0.0;0.99;0.0;0.0;0.0;0.8
0.38;0.63;0.0;0.99;0.0;0.0;0.0;0.79
0.43;0.6;0.0;0.99;0.0;0.0;0.0;0.78
0.51;0.6;0.0;0.99;0.0;0.0;0.0;0.77
0.51;0.59;0.0;0.99;0.0;0.0;0.0;0.76
0.74;0.77;0.0;1.0;0.98;0.98;0.02;0.73
0.92;0.79;0.0;1.0;0.0;0.0;0.07;0.73
0.96;0.79;0.0;1.0;0.09;0.03;0.1;0.73
1.0;0.77;0.19;1.0;0.99;0.05;0.38;0.71
0.99;0.79;0.0;1.0;0.08;0.89;0.27;0.74
1.0;0.81;0.9;1.0;0.29;0.65;0.93;0.71
1.0;0.82;0.0;1.0;0.0;0.91;0.01;0.75
0.97;0.84;0.0;1.0;0.0;0.44;0.0;0.75
0.82;0.85;0.11;1.0;0.0;0.0;0.36;0.7
0.94;0.86;0.43;1.0;0.01;0.02;0.85;0.69
0.91;0.87;0.01;1.0;0.25;0.42;0.89;0.67
0.74;0.88;0.13;1.0;0.0;0.98;0.09;0.72
0.96;0.86;0.01;1.0;0.04;0.99;0.6;0.65
0.88;0.85;0.0;1.0;0.0;0.67;0.0;0.7
0.82;0.84;0.01;1.0;0.0;0.38;0.0;0.71
0.89;0.87;0.03;1.0;0.0;0.75;0.1;0.73
0.77;0.88;0.05;1.0;0.0;0.99;0.0;0.7
0.79;0.88;0.17;1.0;0.0;0.95;0.0;0.69
0.41;0.18;0.0;0.96;1.0;0.02;0.97;0.81
0.65;0.18;0.0;0.97;0.0;0.07;1.0;0.82
0.64;0.18;0.0;0.97;0.0;0.08;1.0;0.78
0.65;0.18;0.06;0.97;0.0;0.88;0.0;0.86
0.57;0.19;0.0;0.97;0.0;0.58;0.0;0.85
0.78;0.19;0.77;0.98;0.27;0.07;0.0;0.81
0.43;0.2;0.0;0.98;0.74;0.03;0.68;0.8
0.4;0.21;0.0;0.98;0.0;0.01;0.57;0.75
0.61;0.22;0.0;0.98;0.01;0.15;0.0;0.75
0.38;0.22;0.0;0.98;0.56;0.37;0.43;0.75
0.64;0.22;0.0;0.98;0.05;0.74;0.14;0.67
0.81;0.22;0.0;0.99;0.0;0.41;0.66;0.62
0.97;0.23;0.0;0.99;0.09;0.99;0.0;0.6
0.94;0.24;0.0;0.99;0.0;0.73;0.87;0.72
0.76;0.25;0.0;0.99;0.07;0.67;0.98;0.68
0.84;0.74;0.0;0.97;0.0;0.01;0.0;0.81
0.91;0.75;0.0;0.97;0.0;0.0;0.0;0.85
0.92;0.77;0.21;0.97;0.0;0.0;0.0;0.76
0.93;0.79;0.0;0.97;0.0;0.06;0.0;0.76
0.86;0.81;0.54;0.97;0.0;0.06;0.0;0.8
1.0;0.82;0.77;0.97;0.0;0.06;0.0;0.79
0.88;0.84;0.0;0.98;0.0;0.22;0.0;0.7
0.92;0.85;0.95;0.98;0.0;0.31;0.0;0.74
0.98;0.84;0.99;0.98;0.04;0.34;0.0;0.75
0.99;0.83;0.0;0.98;0.0;0.0;0.03;0.74
0.99;0.83;0.0;0.98;0.1;0.85;0.0;0.75
0.65;0.83;0.0;0.98;0.99;0.78;0.0;0.75
1.0;0.81;0.0;0.98;0.18;0.0;0.0;0.7
0.75;0.81;0.0;0.99;0.49;0.21;0.0;0.78
0.99;0.82;0.35;0.99;0.37;0.0;0.0;0.75
0.9;0.82;0.24;0.99;0.33;0.0;0.0;0.73
0.75;1.0;0.97;1.0;0.0;0.02;0.0;0.69
0.72;1.0;0.0;1.0;0.0;0.17;0.02;0.57
0.61;0.99;0.0;1.0;0.0;0.05;0.01;0.6
0.91;0.99;0.32;1.0;0.0;0.0;0.0;0.58
0.82;0.99;0.84;1.0;0.0;0.0;0.0;0.57
0.98;0.99;0.26;1.0;0.0;0.8;0.0;0.61
0.98;0.98;0.66;1.0;0.0;0.57;0.0;0.66
0.93;0.98;0.03;1.0;0.0;0.13;0.08;0.65
1.0;0.98;0.0;1.0;0.08;0.02;0.0;0.67
0.98;0.97;0.9;1.0;0.99;0.05;0.01;0.6
0.98;0.97;0.02;1.0;0.98;0.19;0.0;0.63
0.94;0.96;0.87;1.0;0.46;0.8;0.0;0.63
0.95;0.97;0.0;1.0;0.14;0.0;0.0;0.6
1.0;0.96;0.99;1.0;0.07;0.0;0.0;0.65
0.97;0.96;0.02;1.0;0.41;0.04;0.0;0.67
1.0;0.95;0.0;1.0;0.85;0.0;0.0;0.66
0.32;0.44;0.0;0.99;0.0;0.0;0.0;0.8
0.25;0.44;0.0;0.99;0.0;0.93;0.0;0.83
0.23;0.45;0.0;0.99;0.0;0.0;0.0;0.79
0.31;0.45;0.0;0.99;0.0;0.0;0.0;0.81
0.26;0.44;0.0;0.99;0.0;0.0;0.0;0.79
0.26;0.44;0.0;0.99;0.0;0.0;0.0;0.79
0.26;0.44;0.0;0.99;0.0;0.0;0.0;0.8
0.31;0.43;0.0;0.99;0.0;0.0;0.0;0.79
0.31;0.43;0.0;0.99;0.0;0.0;0.0;0.8
0.37;0.44;0.0;0.99;0.0;0.04;0.0;0.78
0.34;0.43;0.0;0.99;0.0;0.0;0.0;0.79
0.37;0.42;0.0;0.99;0.0;0.0;0.0;0.78
0.39;0.41;0.0;0.99;0.0;0.0;0.0;0.77
0.99;0.74;0.0;0.98;0.0;0.01;0.38;0.65
0.72;0.73;0.0;0.98;0.0;0.0;0.01;0.62
0.98;0.74;0.0;0.98;0.0;0.03;0.0;0.6
0.97;0.73;0.0;0.98;0.0;0.0;0.01;0.59
0.99;0.74;0.0;0.99;0.0;0.71;0.01;0.57
0.97;0.74;0.0;0.99;0.0;0.0;0.02;0.61
0.97;0.76;0.0;0.99;0.0;0.0;0.41;0.63
1.0;0.77;0.0;0.99;0.0;0.0;0.12;0.62
0.88;0.78;0.0;0.99;0.0;0.02;0.67;0.59
1.0;0.8;0.0;0.99;0.0;0.01;0.4;0.6
0.96;0.81;0.0;0.99;0.18;0.42;0.62;0.61
1.0;0.83;0.0;0.99;0.46;0.09;0.31;0.55
0.73;0.83;0.0;0.99;0.0;0.0;0.69;0.54
0.81;0.82;0.0;0.99;0.64;0.99;0.04;0.56
0.75;0.84;0.0;0.99;0.73;0.97;0.99;0.63
0.92;0.85;0.0;0.99;0.98;1.0;0.0;0.56
0.78;0.85;0.0;0.99;0.0;0.03;0.0;0.55
0.88;0.94;0.0;1.0;0.0;0.1;0.0;0.78
0.54;0.92;0.0;1.0;0.0;0.02;0.0;0.84
0.53;0.9;0.0;1.0;0.09;0.16;0.0;0.84
0.48;0.9;0.0;1.0;0.35;0.98;0.0;0.85
0.36;0.89;0.0;1.0;0.95;0.81;0.0;0.85
0.39;0.86;0.0;1.0;0.0;1.0;0.02;0.83
0.56;0.83;0.0;1.0;0.21;0.91;0.35;0.8
0.56;0.81;0.0;1.0;0.01;0.93;0.14;0.79
0.67;0.8;0.0;1.0;0.0;0.96;0.01;0.76
0.68;0.78;0.0;0.99;0.0;0.83;0.18;0.75
0.88;0.77;0.0;0.99;0.0;0.0;0.03;0.77
0.7;0.75;0.0;0.99;0.0;0.0;0.02;0.77
0.82;0.74;0.0;0.99;0.0;0.0;0.03;0.79
0.89;0.74;0.0;0.99;0.0;0.0;0.0;0.78
0.7;0.77;0.0;0.99;0.01;0.0;0.0;0.79
0.92;0.73;0.0;0.99;0.0;0.0;0.0;0.76
0.71;0.71;0.0;0.99;0.0;0.0;0.0;0.76
0.85;0.99;0.0;1.0;0.01;0.11;0.02;0.71
0.99;0.99;0.0;1.0;0.04;0.0;0.0;0.79
1.0;1.0;0.0;1.0;0.0;0.22;0.0;0.75
1.0;1.0;0.0;1.0;0.28;0.84;0.01;0.81
0.96;1.0;0.0;1.0;0.49;0.05;0.62;0.82
0.99;1.0;0.0;1.0;0.0;0.0;0.97;0.81
0.96;1.0;0.0;1.0;1.0;0.0;0.73;0.8
0.94;1.0;0.0;1.0;0.0;0.44;0.0;0.8
0.96;1.0;0.0;1.0;0.87;0.88;0.91;0.8
1.0;1.0;0.0;1.0;0.01;0.77;0.0;0.79
0.97;1.0;0.0;1.0;0.0;0.01;0.97;0.81
0.98;0.99;0.0;1.0;0.0;0.95;0.18;0.78
0.99;0.99;0.0;1.0;0.0;0.82;0.0;0.74
1.0;0.99;0.0;1.0;0.0;0.12;0.05;0.74
1.0;0.99;0.0;1.0;0.0;0.85;0.01;0.76
0.87;0.99;0.0;1.0;0.0;0.86;0.02;0.78
0.85;0.99;0.0;1.0;0.0;0.99;0.03;0.78
0.88;0.96;0.0;1.0;0.0;0.01;0.0;0.62
0.98;0.97;0.0;1.0;0.0;0.01;0.0;0.67
0.97;0.99;0.15;1.0;0.0;0.02;0.0;0.66
1.0;0.99;0.87;1.0;0.0;0.01;0.0;0.7
0.99;0.99;0.95;1.0;0.91;0.04;0.0;0.69
0.95;1.0;0.0;1.0;0.46;0.0;0.08;0.69
0.96;1.0;0.02;1.0;0.06;0.01;0.0;0.64
0.97;1.0;0.81;0.99;0.06;0.03;0.0;0.66
0.95;1.0;0.74;0.99;0.38;0.0;0.0;0.7
1.0;1.0;0.84;0.99;0.02;0.0;0.0;0.66
0.98;1.0;0.97;0.99;0.0;0.0;0.0;0.7
0.98;1.0;0.32;0.99;0.0;0.0;0.0;0.66
0.99;1.0;0.05;0.99;0.0;0.0;0.0;0.67
0.92;1.0;0.99;0.99;0.0;0.0;0.0;0.68
0.94;1.0;0.0;0.99;0.01;0.0;0.0;0.6
0.98;1.0;0.74;0.99;0.0;0.0;0.0;0.68
0.95;1.0;0.58;0.99;0.73;0.0;0.0;0.67
0.94;1.0;0.42;0.99;0.91;0.07;0.0;0.67
0.95;0.85;0.93;1.0;0.0;0.58;0.0;0.66
0.79;0.86;0.84;1.0;0.0;0.01;0.12;0.67
0.9;0.86;0.11;1.0;0.0;1.0;0.23;0.72
0.92;0.88;0.99;1.0;0.0;0.57;0.16;0.74
0.94;0.89;0.5;1.0;0.0;0.04;0.57;0.69
0.94;0.9;0.93;1.0;0.0;0.19;0.78;0.7
0.93;0.92;0.04;1.0;0.0;0.84;0.97;0.71
0.99;0.93;0.93;1.0;0.0;0.74;0.5;0.7
1.0;0.94;0.01;1.0;0.0;0.1;0.97;0.69
1.0;0.95;0.66;1.0;0.0;0.01;0.41;0.74
1.0;0.96;0.02;1.0;0.0;0.0;0.57;0.69
0.95;0.97;0.04;1.0;0.0;0.0;0.82;0.66
0.83;0.98;0.05;1.0;0.0;0.0;1.0;0.69
0.96;0.96;0.24;1.0;0.0;0.0;1.0;0.71
0.93;0.96;0.17;1.0;0.0;0.9;0.74;0.71
0.92;0.98;0.74;1.0;0.0;0.0;0.96;0.73
0.86;0.98;0.77;1.0;0.0;0.35;0.83;0.71
0.95;0.9;0.0;1.0;0.49;0.13;0.0;0.74
0.97;0.88;0.0;1.0;0.0;0.04;0.0;0.73
0.95;0.87;0.0;1.0;0.06;0.99;0.0;0.75
0.99;0.85;0.0;1.0;0.0;0.02;0.0;0.75
0.95;0.84;0.0;1.0;0.01;0.47;0.0;0.73
0.98;0.84;0.0;1.0;0.37;0.0;0.0;0.74
0.98;0.82;0.0;1.0;0.0;0.03;0.0;0.75
0.92;0.81;0.0;1.0;0.07;0.0;0.18;0.72
0.87;0.8;0.0;1.0;0.0;0.0;0.01;0.75
0.85;0.78;0.0;0.99;0.0;0.0;0.01;0.74
0.88;0.75;0.0;0.99;0.0;0.0;0.73;0.78
0.84;0.73;0.0;0.99;0.0;0.0;0.32;0.78
0.87;0.74;0.0;0.99;0.64;0.86;0.5;0.67
0.92;0.71;0.0;0.99;0.68;0.0;1.0;0.72
0.65;0.69;0.0;0.99;0.03;0.0;0.06;0.81
0.64;0.68;0.0;0.99;0.4;0.0;0.04;0.78
1.0;0.75;0.0;0.99;0.0;0.0;0.0;0.66
0.98;0.74;0.0;0.99;0.0;0.0;0.0;0.68
0.96;0.75;0.0;0.99;0.35;0.0;0.0;0.72
0.98;0.76;0.01;0.99;0.0;0.0;0.0;0.71
0.94;0.77;0.0;0.99;0.43;0.0;0.0;0.63
0.97;0.77;0.0;0.99;0.13;0.0;0.0;0.66
0.97;0.77;0.0;0.99;0.0;0.0;0.0;0.65
0.96;0.76;0.0;0.99;0.03;0.0;0.0;0.63
1.0;0.75;0.0;0.99;0.0;0.0;0.0;0.67
0.98;0.73;0.0;0.99;0.0;0.0;0.0;0.67
0.94;0.72;0.0;0.99;0.0;0.0;0.0;0.67
0.89;0.71;0.0;0.99;0.0;0.0;0.0;0.69
0.97;0.75;0.0;0.99;0.0;0.0;0.0;0.62
0.86;0.73;0.0;0.99;0.0;0.0;0.0;0.69
0.93;0.7;0.0;0.99;0.0;0.0;0.0;0.67
0.93;0.69;0.0;0.99;0.0;0.0;0.0;0.68
0.76;0.3;0.0;1.0;0.0;0.0;0.0;0.72
1.0;0.92;0.0;1.0;0.0;0.0;0.0;0.67
1.0;0.9;0.95;1.0;0.0;0.0;0.0;0.67
0.91;0.91;0.0;1.0;0.0;0.0;0.0;0.61
0.94;0.9;0.0;1.0;0.0;0.0;0.0;0.63
0.97;0.89;0.0;1.0;0.0;0.0;0.0;0.6
0.96;0.89;0.17;1.0;0.0;0.0;0.0;0.62
0.98;0.87;0.0;1.0;0.96;0.0;0.0;0.63
0.97;0.86;0.42;1.0;0.05;0.0;0.0;0.67
0.93;0.85;0.99;1.0;0.0;0.0;0.0;0.7
0.89;0.82;0.97;1.0;0.0;0.0;0.0;0.73
0.87;0.79;0.77;1.0;0.0;0.0;0.0;0.69
0.88;0.77;0.07;1.0;0.0;0.0;0.0;0.71
0.59;0.79;0.0;1.0;0.0;0.0;0.0;0.72
0.7;0.76;0.19;1.0;0.0;0.0;0.0;0.72
0.75;0.74;0.32;1.0;0.0;0.0;0.0;0.7
0.73;0.72;0.46;1.0;0.0;0.0;0.0;0.7
0.93;0.89;0.0;1.0;0.0;0.0;0.0;0.7
0.98;0.87;0.0;1.0;0.0;0.0;0.0;0.74
0.99;0.85;0.0;1.0;0.0;0.0;0.0;0.77
0.97;0.88;0.0;1.0;0.0;0.0;0.0;0.76
1.0;0.86;0.0;1.0;0.0;0.0;0.0;0.77
1.0;0.85;0.0;1.0;0.0;0.0;0.0;0.77
0.99;0.83;0.0;1.0;0.0;0.0;0.0;0.76
1.0;0.83;0.0;1.0;0.0;0.0;0.0;0.77
0.91;0.83;0.0;1.0;0.97;0.0;0.0;0.8
0.92;0.84;0.0;1.0;0.0;0.0;0.0;0.82
0.96;0.84;0.0;1.0;0.19;0.0;0.0;0.81
1.0;0.83;0.0;1.0;0.65;0.0;0.0;0.77
1.0;0.82;0.0;1.0;0.59;0.0;0.0;0.76
1.0;0.81;0.0;1.0;0.21;0.0;0.01;0.76
1.0;0.82;0.0;1.0;0.19;0.01;0.08;0.77
1.0;0.8;0.0;1.0;0.0;0.13;0.2;0.76
0.91;0.81;0.0;1.0;0.37;0.02;0.84;0.74
0.95;0.81;0.01;1.0;1.0;0.11;0.92;0.76
0.69;0.27;0.0;0.98;0.99;0.87;0.0;0.74
0.54;0.29;0.0;0.99;0.67;0.99;0.0;0.85
0.57;0.32;0.0;0.99;0.0;0.28;0.0;0.8
0.26;0.34;0.0;0.99;0.0;0.85;0.0;0.83
0.3;0.35;0.0;0.99;0.0;0.49;0.0;0.81
0.35;0.36;0.0;0.99;0.0;0.61;0.0;0.85
0.31;0.39;0.0;1.0;0.0;0.71;0.0;0.77
0.26;0.4;0.0;1.0;0.0;0.71;0.0;0.72
0.19;0.41;0.0;1.0;0.0;0.19;0.0;0.67
0.34;0.43;0.0;1.0;0.0;0.13;0.0;0.71
0.24;0.46;0.0;1.0;0.0;0.08;0.0;0.63
0.58;0.62;0.58;1.0;0.0;0.65;0.0;0.75
0.87;0.64;0.0;1.0;0.0;0.0;0.0;0.68
0.72;0.56;0.01;0.99;0.8;0.08;0.23;0.75
0.83;0.56;0.0;0.99;0.03;0.94;0.06;0.78
0.83;0.57;0.0;0.99;0.0;0.37;0.0;0.73
0.68;0.57;0.98;0.99;0.0;0.24;0.0;0.76
0.7;0.57;0.01;0.99;0.34;0.01;0.01;0.82
0.45;0.57;0.0;0.99;0.0;0.0;0.0;0.79
0.38;0.57;0.0;0.99;0.0;0.28;0.01;0.77
0.37;0.57;0.58;0.99;0.0;0.09;0.03;0.81
0.71;0.59;0.01;0.99;0.01;0.14;0.38;0.82
0.81;0.6;0.0;0.99;0.33;0.0;0.87;0.77
0.8;0.62;0.11;1.0;0.97;0.0;0.38;0.76
0.83;0.64;0.0;1.0;0.01;0.16;0.07;0.72
0.86;0.65;0.0;1.0;0.0;0.01;0.23;0.75
1.0;0.66;0.0;1.0;0.87;0.63;0.35;0.7
0.86;0.65;0.0;1.0;0.04;0.14;0.01;0.75
0.91;0.67;0.0;1.0;0.87;0.62;0.09;0.75
0.91;0.68;0.0;1.0;0.89;0.18;0.01;0.74
0.96;0.69;0.0;1.0;0.04;0.19;0.03;0.76
0.86;0.99;0.05;1.0;0.0;0.0;0.0;0.61
0.7;0.99;0.05;1.0;0.0;0.0;0.0;0.52
0.74;0.99;0.0;1.0;0.0;0.0;0.0;0.52
0.88;0.98;0.08;1.0;0.0;0.0;0.0;0.53
0.97;0.98;0.74;1.0;0.0;0.0;0.0;0.55
0.96;0.98;0.39;1.0;0.0;0.0;0.0;0.56
0.96;0.98;0.29;1.0;0.0;0.04;0.0;0.59
0.99;0.98;0.84;1.0;0.0;0.03;0.0;0.61
0.98;0.97;0.0;1.0;0.0;0.02;0.0;0.62
0.97;0.96;0.0;1.0;0.0;0.01;0.01;0.6
0.94;0.95;0.01;1.0;0.9;0.0;0.0;0.64
0.84;0.94;0.0;1.0;0.98;0.21;0.15;0.66
0.91;0.94;0.01;1.0;0.0;0.0;0.08;0.62
0.83;0.92;0.0;1.0;0.0;0.0;0.22;0.65
0.71;0.91;0.0;1.0;0.23;0.02;0.28;0.65
0.75;0.9;0.0;1.0;0.01;0.01;0.59;0.72
0.36;0.25;0.0;0.94;0.0;0.0;0.03;0.58
0.35;0.26;0.0;0.94;0.33;0.0;0.05;0.69
0.16;0.27;0.0;0.95;0.23;0.0;0.0;0.61
0.59;0.29;0.95;0.95;0.49;0.96;0.0;0.63
0.76;0.3;0.26;0.95;0.55;1.0;0.01;0.62
0.76;0.4;0.0;0.96;0.33;0.02;0.01;0.56
0.76;0.41;0.0;0.96;0.0;0.53;0.52;0.65
0.91;0.31;0.0;0.96;0.0;0.21;0.07;0.6
0.85;0.33;0.0;0.97;0.0;0.0;0.0;0.57
0.57;0.33;0.0;0.97;0.15;0.02;0.01;0.55
0.67;0.33;0.0;0.97;0.23;0.0;0.01;0.53
0.3;0.35;0.0;0.98;0.28;0.02;0.0;0.54
0.4;0.34;0.0;0.98;0.0;0.0;0.01;0.55
0.08;0.34;0.0;0.99;0.0;0.0;0.0;0.49
0.3;0.35;0.0;0.99;0.02;0.0;0.0;0.54
0.57;0.38;0.0;0.99;0.0;0.0;0.0;0.84
0.66;0.39;0.05;0.98;0.0;0.32;0.0;0.71
0.87;0.4;0.0;0.98;0.37;0.01;0.0;0.68
0.71;0.36;0.0;0.98;0.0;0.65;0.0;0.8
0.7;0.34;0.0;0.98;0.0;0.0;0.0;0.74
0.71;0.32;1.0;0.98;0.0;0.0;0.0;0.82
0.47;0.32;0.62;0.98;0.0;0.0;0.0;0.81
0.67;0.31;0.0;0.98;0.0;0.0;0.0;0.84
0.91;0.3;0.0;0.98;0.0;0.0;0.0;0.87
0.78;0.29;0.0;0.98;0.0;0.0;0.0;0.81
0.78;0.28;0.0;0.98;0.0;0.02;0.0;0.87
0.78;0.28;0.0;0.98;0.0;0.75;0.0;0.83
0.69;0.25;0.0;0.98;0.0;0.08;0.0;0.81
0.99;0.89;0.0;1.0;0.0;0.12;0.0;0.66
0.9;0.84;0.0;1.0;0.0;0.0;0.0;0.69
0.93;0.83;0.0;1.0;0.53;0.98;0.0;0.67
0.94;0.82;0.0;1.0;0.0;0.47;0.0;0.66
0.94;0.82;0.0;1.0;0.0;0.11;0.0;0.69
0.87;0.81;0.0;1.0;0.0;0.0;0.0;0.7
0.87;0.79;0.0;1.0;0.0;0.0;0.0;0.7
0.92;0.78;0.0;1.0;0.04;0.05;0.0;0.75
0.78;0.77;0.0;1.0;0.19;0.08;0.0;0.77
0.84;0.76;0.0;0.99;0.89;0.0;0.0;0.73
0.83;0.75;0.0;0.99;0.52;0.0;0.0;0.73
0.72;0.76;0.0;0.99;0.79;0.01;0.0;0.72
0.76;0.74;0.0;0.99;0.94;0.28;0.0;0.74
0.89;0.73;0.0;0.99;0.68;0.0;0.02;0.72
0.83;0.73;0.0;0.99;0.98;0.0;0.07;0.73
0.97;0.74;0.0;0.99;0.0;0.38;0.51;0.66
0.96;0.73;0.0;0.99;0.0;0.63;0.24;0.66
0.89;0.73;0.0;0.99;0.0;0.67;0.02;0.67
0.91;0.73;0.0;0.99;0.0;0.49;0.0;0.67
0.9;0.74;0.0;0.99;0.0;0.63;0.0;0.68
0.93;0.74;0.0;0.99;0.0;0.53;0.0;0.7
0.99;0.73;0.0;0.99;0.0;0.21;0.0;0.67
0.98;0.72;0.0;0.99;0.0;1.0;0.0;0.71
0.94;0.71;0.0;0.99;0.0;0.07;0.03;0.69
0.86;0.69;0.0;0.99;0.0;0.49;0.05;0.67
0.83;0.67;0.0;0.99;0.0;0.0;0.02;0.69
0.65;0.66;0.0;0.99;0.0;0.0;0.53;0.73
0.74;0.68;0.0;0.99;0.0;0.0;0.34;0.65
0.61;0.65;0.0;0.99;0.0;0.62;0.98;0.71
0.62;0.62;0.0;0.99;0.0;0.0;0.91;0.72
0.61;0.62;0.0;0.99;0.0;0.5;1.0;0.71
1.0;0.17;0.0;0.95;0.0;0.75;0.0;0.77
1.0;0.19;0.0;0.95;0.0;0.84;0.0;0.8
0.83;0.2;0.0;0.96;0.0;0.03;0.0;0.8
0.98;0.99;0.46;0.95;0.01;0.0;0.0;0.76
1.0;0.99;0.98;0.95;1.0;0.0;0.0;0.78
0.98;0.99;0.0;0.96;0.88;0.0;0.0;0.74
0.82;0.99;0.0;0.96;0.88;0.0;0.43;0.85
0.92;0.99;0.0;0.97;0.0;0.0;0.1;0.76
0.97;0.99;0.0;0.97;0.0;0.0;0.03;0.8
0.38;0.99;0.11;0.98;0.19;0.0;0.29;0.82
0.89;0.99;0.0;0.98;0.06;0.0;0.1;0.75
0.9;0.99;0.0;0.98;0.0;0.0;0.01;0.82
0.86;0.99;0.0;0.98;0.43;0.01;0.15;0.71
0.76;0.99;0.0;0.99;0.14;0.0;0.0;0.73
0.9;0.99;0.08;0.99;0.98;0.06;0.02;0.72
0.95;0.99;0.03;0.99;0.85;0.0;0.1;0.73
0.92;1.0;0.0;0.99;0.91;0.52;0.0;0.72
0.99;0.99;0.0;0.99;0.07;0.0;0.0;0.82
1.0;0.99;0.0;0.99;0.18;0.03;0.0;0.76
0.96;0.99;0.11;0.99;1.0;0.0;0.0;0.74
0.99;0.77;0.11;0.99;0.21;0.09;0.31;0.62
0.97;0.75;0.43;0.99;0.0;0.05;0.25;0.73
1.0;0.74;0.0;0.99;0.0;0.0;0.78;0.7
0.99;0.74;0.97;0.99;0.0;0.0;0.5;0.74
0.88;0.72;0.84;0.99;0.0;0.33;0.99;0.83
0.52;0.7;0.99;0.99;0.0;0.12;0.06;0.78
0.93;0.68;0.81;0.99;0.0;0.1;0.04;0.76
0.97;0.67;0.0;0.99;0.0;0.17;0.04;0.67
0.97;0.66;0.04;0.98;0.0;0.29;0.02;0.7
0.93;0.65;0.97;0.98;0.0;0.75;0.0;0.71
0.95;0.64;1.0;0.98;0.0;0.96;0.01;0.7
0.96;0.63;0.84;0.98;0.0;0.0;0.34;0.73
0.94;0.62;0.29;0.98;0.08;0.07;0.69;0.72
0.97;0.62;1.0;0.98;0.15;0.0;0.05;0.69
0.88;0.6;0.97;0.98;0.25;0.45;0.19;0.72
0.93;0.59;0.98;0.98;0.41;1.0;1.0;0.72
0.88;0.58;0.87;0.98;0.79;0.99;0.62;0.71
0.5;0.65;0.0;0.99;0.23;0.0;0.55;0.73
0.37;0.66;0.0;0.99;0.0;0.0;0.17;0.71
0.85;0.68;0.0;0.99;1.0;0.0;0.32;0.66
0.86;0.68;0.0;0.99;0.05;0.0;0.02;0.67
0.72;0.68;0.0;0.99;0.0;0.0;0.01;0.65
0.82;0.7;0.0;0.99;0.95;0.05;0.02;0.64
0.87;0.7;0.0;0.99;0.87;0.0;0.0;0.64
0.75;0.7;0.0;0.99;0.85;0.43;0.01;0.67
0.78;0.68;0.0;0.99;0.68;0.01;0.09;0.71
0.8;0.67;0.0;0.99;0.61;0.12;0.1;0.68
0.84;0.65;0.0;0.98;0.93;0.35;0.43;0.67
0.72;0.65;0.0;0.98;0.38;0.01;0.68;0.64
0.75;0.64;0.0;0.98;0.32;0.12;0.88;0.67
0.73;0.7;0.0;0.98;0.21;0.0;0.88;0.68
0.74;0.67;0.0;0.98;0.23;0.01;0.87;0.66
0.8;0.65;0.0;0.98;0.25;1.0;0.09;0.67
0.75;0.64;0.0;0.98;0.29;0.99;0.1;0.67
0.69;0.95;0.0;1.0;0.44;0.11;0.03;0.75
0.72;0.96;0.13;1.0;0.8;0.0;0.01;0.73
0.73;0.97;0.84;1.0;0.0;0.0;0.0;0.81
0.62;0.98;0.32;1.0;0.03;0.0;0.24;0.79
0.51;0.99;0.9;1.0;0.85;0.0;0.81;0.81
0.61;0.99;0.07;1.0;0.0;0.0;0.93;0.81
0.63;1.0;0.54;1.0;0.03;0.0;0.08;0.79
0.7;1.0;0.99;1.0;0.0;0.0;0.02;0.79
0.65;1.0;0.99;1.0;0.0;0.0;0.43;0.81
0.8;1.0;0.0;1.0;0.0;0.0;0.0;0.77
0.68;0.99;0.58;1.0;0.0;0.01;0.02;0.73
0.73;0.99;0.24;1.0;0.0;0.0;0.01;0.72
0.62;0.99;0.87;1.0;0.0;0.27;0.0;0.71
0.87;1.0;0.07;1.0;0.02;0.16;0.83;0.73
0.57;0.99;0.95;1.0;0.52;0.88;0.01;0.7
0.52;1.0;0.5;1.0;0.9;0.36;0.0;0.69
0.35;1.0;0.54;1.0;0.96;0.17;0.0;0.67
0.74;0.8;0.0;0.99;0.13;0.22;0.39;0.74
0.73;0.8;0.01;0.99;0.0;0.02;0.96;0.73
0.67;0.82;0.77;0.99;0.0;0.13;0.05;0.68
0.78;0.8;0.93;0.99;0.0;0.02;0.93;0.68
0.59;0.8;0.97;1.0;0.0;0.01;0.38;0.6
0.82;0.93;0.81;1.0;0.0;0.0;0.99;0.74
0.39;0.56;0.0;0.99;0.0;0.0;0.0;0.81
0.28;0.57;0.0;0.99;0.0;0.0;0.0;0.85
0.38;0.59;0.0;0.99;0.0;0.0;0.0;0.83
0.29;0.57;0.0;0.99;0.0;0.0;0.0;0.8
0.33;0.56;0.0;0.99;0.0;0.0;0.0;0.81
0.27;0.56;0.0;0.99;0.0;0.0;0.0;0.82
0.31;0.56;0.0;0.99;0.0;0.0;0.0;0.81
0.39;0.55;0.0;0.99;0.0;0.0;0.0;0.79
0.37;0.54;0.0;0.99;0.0;0.0;0.0;0.8
0.34;0.54;0.0;0.99;0.0;0.0;0.0;0.79
0.37;0.53;0.0;0.99;0.0;0.0;0.0;0.81
0.34;0.53;0.0;0.99;0.0;0.02;0.0;0.82
0.33;0.52;0.0;0.98;0.0;0.01;0.0;0.79
0.36;0.54;0.0;0.98;0.0;0.01;0.0;0.76
0.31;0.51;0.0;0.98;0.0;0.0;0.0;0.8
0.32;0.51;0.0;0.98;0.0;0.0;0.0;0.82
0.42;0.51;0.0;0.98;0.0;0.0;0.0;0.79
0.3;0.44;0.0;0.99;0.0;0.0;0.0;0.78
0.28;0.44;0.0;0.99;0.0;0.0;0.0;0.79
0.2;0.43;0.0;0.99;0.0;0.0;0.0;0.82
0.29;0.42;0.0;0.99;0.0;0.13;0.0;0.81
0.27;0.42;0.0;0.99;0.0;0.0;0.0;0.83
0.3;0.41;0.0;0.98;0.0;0.01;0.0;0.79
0.3;0.41;0.0;0.98;0.0;0.0;0.0;0.79
0.29;0.4;0.0;0.98;0.0;0.0;0.0;0.8
0.23;0.4;0.0;0.98;0.0;0.55;0.0;0.81
0.29;0.42;0.0;0.98;0.0;0.02;0.0;0.79
0.35;0.4;0.0;0.98;0.0;0.67;0.0;0.8
0.55;0.4;0.0;0.98;0.0;0.0;0.0;0.8
0.51;0.4;0.0;0.98;0.0;0.0;0.0;0.8
0.99;0.87;0.0;0.99;0.0;0.0;0.14;0.62
0.93;0.87;0.07;1.0;1.0;0.02;0.22;0.63
0.74;0.9;0.0;1.0;0.0;1.0;0.99;0.68
0.54;0.9;0.0;1.0;0.0;0.0;0.98;0.51
0.2;0.84;0.0;1.0;0.0;0.0;0.09;0.39
0.1;0.78;0.0;1.0;0.0;0.0;0.05;0.36
0.3;0.81;0.0;0.99;0.0;0.4;0.19;0.36
0.86;0.65;0.0;0.99;0.0;0.41;0.01;0.88
1.0;0.65;0.32;0.99;0.0;0.7;0.53;0.8
0.84;0.61;0.29;0.99;0.0;1.0;0.09;0.84
0.8;0.42;0.0;1.0;0.05;0.0;0.83;0.72
0.73;0.44;0.0;1.0;0.0;0.96;0.03;0.82
0.95;0.46;0.0;1.0;0.0;0.93;0.78;0.75
0.79;0.47;0.0;1.0;0.97;0.96;0.41;0.7
0.7;0.49;0.01;1.0;0.19;0.12;0.13;0.72
0.65;0.51;0.0;1.0;0.37;0.0;0.08;0.78
0.75;0.54;0.0;1.0;1.0;0.01;0.67;0.75
0.93;0.56;0.0;1.0;0.01;0.11;0.88;0.77
0.91;0.58;0.98;1.0;0.0;0.96;0.35;0.75
0.97;0.59;0.05;1.0;0.0;0.89;0.99;0.76
0.96;0.61;0.0;1.0;0.06;1.0;0.0;0.73
0.96;0.63;0.0;1.0;0.0;0.0;0.69;0.68
0.49;0.36;0.29;0.97;0.14;0.52;0.01;0.78
0.67;0.38;0.0;0.97;0.23;0.83;0.5;0.76
0.7;0.39;0.1;0.97;0.0;0.0;0.0;0.81
0.28;0.4;0.15;0.98;0.0;0.0;0.0;0.82
0.22;0.41;0.93;0.98;0.0;0.0;0.0;0.82
0.56;0.43;0.0;0.98;0.8;0.16;0.13;0.83
0.53;0.44;0.26;0.98;0.0;0.0;0.0;0.77
0.46;0.46;0.97;0.99;0.0;0.16;0.0;0.79
0.31;0.47;0.5;0.99;0.0;0.0;0.0;0.74
0.38;0.48;0.54;0.99;0.87;0.0;0.0;0.76
0.14;0.5;0.0;0.99;0.4;0.0;0.97;0.73
0.26;0.51;0.0;0.99;0.03;0.0;0.02;0.72
0.29;0.52;0.0;0.99;0.01;0.0;0.0;0.76
0.37;0.53;0.0;1.0;0.0;0.0;0.0;0.74
0.43;0.53;0.0;1.0;0.0;0.0;0.0;0.71
0.39;0.53;0.0;1.0;0.0;0.0;0.0;0.72
0.36;0.54;0.0;1.0;0.0;0.0;0.0;0.78
0.54;0.55;0.0;1.0;0.0;0.0;0.0;0.77
0.95;1.0;0.0;1.0;0.0;0.0;0.0;0.82
0.97;0.99;0.0;1.0;0.0;0.0;0.0;0.81
0.99;0.99;0.26;1.0;0.0;0.0;0.0;0.84
1.0;0.99;0.0;1.0;0.0;0.0;0.0;0.83
0.84;0.99;0.0;1.0;0.0;0.0;0.0;0.82
0.65;0.99;0.0;1.0;0.0;0.0;0.0;0.88
0.81;0.98;0.0;1.0;0.0;0.0;0.0;0.84
0.84;0.98;0.0;1.0;0.25;0.0;0.0;0.85
0.5;0.98;0.0;1.0;0.0;0.0;0.0;0.82
0.85;0.97;0.0;1.0;0.0;0.0;0.0;0.84
0.9;0.97;0.0;1.0;0.0;0.0;0.0;0.79
0.94;0.96;0.0;1.0;0.0;0.0;0.0;0.77
0.91;0.95;0.0;0.99;0.0;0.0;0.0;0.8
0.91;0.95;0.0;0.99;0.0;0.0;0.0;0.79
0.95;0.96;0.0;0.99;0.0;0.0;0.0;0.7
0.99;0.96;0.0;0.99;0.0;0.0;0.0;0.71
0.92;0.95;0.0;0.99;0.0;0.0;0.0;0.78
0.82;0.94;0.0;0.99;0.0;0.0;0.0;0.79
0.22;0.32;0.0;0.97;0.0;0.52;0.01;0.62
0.12;0.31;0.0;0.97;0.0;0.01;0.0;0.51
0.15;0.34;0.0;0.98;0.0;0.0;0.04;0.55
0.13;0.38;0.0;0.98;0.0;0.0;0.37;0.55
0.42;0.4;0.0;0.98;0.49;0.0;0.92;0.59
0.47;0.41;0.0;0.98;0.62;0.49;0.13;0.56
0.69;0.41;0.0;0.99;0.25;0.04;0.82;0.59
0.54;0.43;0.0;0.99;0.0;0.49;0.19;0.57
0.61;0.44;0.0;0.99;0.0;0.3;0.96;0.58
0.54;0.45;0.0;0.99;0.0;0.38;0.86;0.6
0.64;0.46;0.0;0.99;0.02;1.0;0.6;0.59
0.7;0.47;0.0;0.99;0.0;0.03;0.19;0.6
0.96;0.83;0.0;1.0;0.0;0.0;0.0;0.77
0.64;0.8;0.0;1.0;0.0;0.01;0.0;0.81
0.72;0.82;0.0;1.0;0.4;0.02;0.0;0.86
0.86;0.78;0.0;1.0;0.0;0.0;0.0;0.73
0.85;0.83;0.0;1.0;0.0;0.93;0.0;0.75
0.97;1.0;0.0;1.0;0.0;0.0;0.91;0.74
0.9;1.0;0.0;1.0;0.0;0.0;0.0;0.67
0.74;1.0;0.0;1.0;0.0;0.0;0.0;0.6
0.99;1.0;0.0;1.0;0.0;0.0;0.0;0.65
0.86;1.0;0.0;1.0;0.0;0.0;0.57;0.57
0.97;1.0;0.0;1.0;0.15;0.0;0.13;0.62
0.77;1.0;0.0;1.0;0.0;0.0;0.17;0.58
0.58;1.0;0.0;1.0;0.0;0.0;0.0;0.49
0.85;1.0;0.0;1.0;0.0;0.0;0.02;0.59
0.67;1.0;0.0;1.0;0.0;0.0;0.0;0.51
0.85;0.99;0.0;1.0;0.0;0.0;0.0;0.54
0.76;1.0;0.0;1.0;0.0;0.0;0.0;0.57
0.65;1.0;0.0;1.0;0.0;0.0;0.0;0.6
0.76;1.0;0.0;1.0;0.0;0.0;0.0;0.56
0.99;0.92;0.62;1.0;0.0;0.0;0.29;0.6
0.96;0.92;0.0;1.0;0.0;0.0;0.53;0.6
0.98;0.94;0.0;1.0;0.0;0.0;0.01;0.59
1.0;0.92;0.73;1.0;0.0;0.0;0.17;0.62
0.99;0.89;0.0;1.0;0.0;0.0;0.01;0.57
0.99;0.88;0.0;1.0;0.0;0.0;0.41;0.6
0.9;0.86;0.73;1.0;0.0;0.0;0.35;0.58
1.0;0.85;0.0;1.0;0.0;0.54;0.88;0.52
1.0;0.84;0.02;1.0;0.0;0.72;0.22;0.51
0.99;0.83;0.0;1.0;0.0;0.03;0.88;0.51
0.99;0.81;0.0;1.0;0.0;0.0;0.08;0.56
0.98;0.8;0.03;0.99;0.0;0.0;0.23;0.52
0.9;0.8;0.62;0.99;0.0;0.0;0.93;0.49
0.9;0.8;0.0;0.99;0.0;0.0;0.73;0.43
0.7;0.75;0.0;0.99;0.0;0.33;0.18;0.39
0.96;0.73;0.32;0.99;0.0;0.0;0.84;0.44
1.0;0.72;0.0;0.99;0.0;0.0;1.0;0.5
0.41;0.33;0.01;0.96;1.0;0.21;0.21;0.68
0.74;0.35;0.05;0.96;0.11;0.97;0.0;0.75
0.79;0.37;0.93;0.97;0.0;0.07;0.01;0.72
0.8;0.38;0.01;0.97;0.85;0.26;0.02;0.67
0.62;0.39;0.32;0.97;0.03;0.74;0.01;0.71
0.88;0.42;0.0;0.98;0.71;0.62;0.05;0.71
0.67;0.42;0.0;0.98;0.0;0.02;0.03;0.73
0.4;0.43;0.0;0.98;0.76;0.22;0.1;0.65
0.42;0.43;0.66;0.99;0.0;0.99;0.0;0.62
0.64;0.44;0.0;0.99;0.89;0.0;0.0;0.66
0.63;0.45;0.0;0.99;0.88;0.0;0.17;0.62
0.53;0.45;0.0;0.99;0.49;0.13;0.13;0.63
0.68;0.46;0.0;0.99;0.59;0.02;0.01;0.64
0.92;0.47;0.99;0.99;0.07;0.0;0.07;0.64
0.82;0.47;0.9;1.0;0.01;0.0;0.0;0.62
0.63;0.47;0.66;1.0;0.15;0.01;0.03;0.66
0.72;0.48;0.24;1.0;0.33;0.0;0.03;0.62
0.74;0.49;0.43;1.0;0.0;0.04;0.0;0.66
0.88;1.0;0.01;1.0;0.0;0.0;0.0;0.69
0.99;0.99;0.7;1.0;0.0;0.0;0.0;0.73
0.97;0.99;0.0;1.0;0.0;0.0;0.0;0.75
0.97;1.0;0.05;1.0;0.0;0.0;0.0;0.74
0.95;1.0;0.0;1.0;0.0;0.0;0.0;0.68
0.96;1.0;0.0;1.0;0.0;0.0;0.0;0.71
0.94;1.0;0.0;1.0;0.0;0.0;0.0;0.73
0.84;1.0;0.0;1.0;0.0;0.0;0.0;0.72
0.66;1.0;0.0;1.0;0.0;0.01;0.0;0.69
0.51;1.0;0.0;1.0;0.0;0.33;0.0;0.69
0.54;1.0;0.0;1.0;0.0;0.98;0.0;0.71
0.67;1.0;0.0;1.0;0.0;0.95;0.0;0.69
0.82;1.0;0.0;1.0;0.0;0.01;0.0;0.71
0.84;1.0;0.0;1.0;0.21;0.0;0.0;0.73
0.99;1.0;0.0;1.0;0.19;0.0;0.0;0.69
0.99;1.0;0.0;1.0;0.55;0.0;0.0;0.7
0.81;1.0;0.0;1.0;0.0;0.0;0.01;0.57
0.83;1.0;0.11;1.0;0.49;0.0;0.0;0.56
0.62;0.3;0.0;1.0;0.0;0.26;0.0;0.72
0.56;0.49;0.0;1.0;0.0;0.85;0.0;0.71
0.45;0.51;0.0;1.0;0.0;0.16;0.0;0.75
0.59;0.6;0.0;0.99;0.0;0.0;0.0;0.74
0.5;0.61;0.0;0.99;0.87;0.0;0.0;0.77
0.54;0.63;0.0;0.99;0.0;0.0;0.0;0.76
0.48;0.63;0.0;0.99;0.0;0.0;0.0;0.81
0.56;0.62;0.0;0.99;0.0;0.0;0.0;0.81
0.55;0.62;0.0;0.99;0.0;0.0;0.0;0.8
0.53;0.62;0.0;0.99;0.0;0.0;0.0;0.74
0.61;0.61;0.0;0.99;0.0;0.0;0.0;0.75
0.72;0.6;0.0;0.99;0.0;0.0;0.0;0.77
0.58;0.59;0.0;0.99;0.0;0.0;0.0;0.76
0.45;0.58;0.0;0.99;0.0;0.0;0.0;0.77
0.39;0.58;0.0;0.99;0.0;0.0;0.0;0.76
0.43;0.57;0.0;0.99;0.0;0.0;0.0;0.75
0.59;0.63;0.0;0.99;0.0;0.0;0.0;0.76
0.56;0.6;0.01;0.99;0.0;0.0;0.0;0.72
0.62;0.58;0.0;0.99;0.0;0.0;0.0;0.73
0.65;0.57;0.0;0.99;0.0;0.0;0.0;0.73
0.37;0.5;0.0;1.0;0.0;0.0;0.06;0.77
0.42;0.52;0.0;1.0;0.0;0.0;0.05;0.74
0.42;0.51;0.0;1.0;0.0;0.0;0.24;0.77
0.44;0.51;0.0;1.0;0.0;0.0;0.33;0.73
0.48;0.5;0.0;1.0;0.0;0.0;0.55;0.75
0.39;0.49;0.0;1.0;0.08;0.0;1.0;0.75
0.43;0.49;0.0;1.0;0.0;0.0;0.41;0.74
0.56;0.48;0.0;1.0;0.0;0.0;0.35;0.74
0.59;0.47;0.0;1.0;0.89;0.0;0.97;0.74
0.5;0.47;0.0;1.0;0.0;0.0;0.15;0.74
0.55;0.46;0.0;1.0;0.0;0.0;0.55;0.72
0.52;0.45;0.0;1.0;0.0;0.0;0.5;0.76
0.48;0.47;0.0;1.0;0.0;0.57;0.12;0.71
0.51;0.44;0.0;1.0;0.0;0.0;0.21;0.73
0.64;0.43;0.0;1.0;0.8;0.0;0.39;0.73
0.72;0.43;0.0;1.0;0.35;0.0;0.76;0.71
0.97;0.98;0.0;1.0;0.01;0.0;0.0;0.7
0.98;0.97;0.0;1.0;0.16;0.0;0.0;0.72
0.99;0.95;0.0;1.0;0.01;0.0;0.0;0.72
0.81;0.94;0.0;1.0;0.0;0.0;0.0;0.74
0.9;0.93;0.0;1.0;0.0;0.0;0.0;0.76
0.7;0.91;0.0;1.0;0.0;0.0;0.0;0.74
0.75;0.9;0.0;1.0;0.0;0.12;0.0;0.76
0.75;0.89;0.0;1.0;0.0;0.1;0.0;0.75
0.7;0.88;0.0;1.0;0.0;0.0;0.0;0.76
0.67;0.88;0.0;1.0;0.0;0.23;0.09;0.73
0.86;0.88;0.0;1.0;0.0;0.01;0.11;0.72
0.8;0.87;0.0;1.0;0.0;0.0;0.0;0.73
0.78;0.87;0.0;1.0;0.0;0.0;0.17;0.74
0.68;0.87;0.0;1.0;0.0;0.0;0.0;0.77
0.81;0.89;0.0;1.0;0.0;0.0;0.0;0.73
0.73;0.87;0.0;1.0;0.0;0.12;0.0;0.74
0.65;0.85;0.0;1.0;0.0;0.11;0.0;0.74
0.65;0.85;0.0;1.0;0.0;0.16;0.04;0.74
0.98;0.71;0.0;1.0;0.19;0.0;0.0;0.77
0.98;0.83;0.0;1.0;0.0;0.48;0.0;0.84
0.91;0.85;0.0;1.0;0.0;0.2;0.0;0.85
0.94;0.87;0.0;1.0;0.0;0.26;0.0;0.84
0.9;0.89;0.0;1.0;0.0;0.14;0.0;0.87
0.93;0.91;0.0;1.0;0.0;0.0;0.0;0.88
0.76;0.93;0.0;1.0;0.0;0.0;0.0;0.79
0.85;0.94;0.0;1.0;0.0;0.0;0.0;0.78
0.87;0.95;0.0;1.0;0.0;0.0;0.0;0.77
0.96;0.95;0.02;1.0;0.0;0.0;0.01;0.71
0.86;0.96;0.0;1.0;0.0;0.0;0.04;0.75
0.91;0.96;0.0;1.0;0.0;0.0;0.0;0.77
0.78;0.97;0.0;1.0;0.0;0.0;0.02;0.79
0.72;1.0;0.0;1.0;0.04;0.37;0.01;0.82
0.83;0.96;0.0;1.0;0.0;0.0;0.69;0.79
0.41;0.99;0.0;1.0;0.0;0.0;0.06;0.81
0.3;0.96;0.0;1.0;0.61;0.0;0.98;0.87
0.69;0.93;0.0;1.0;0.67;0.0;0.76;0.81
0.46;0.93;0.0;1.0;0.02;0.0;0.99;0.83
0.7;0.95;0.0;1.0;0.0;0.0;0.03;0.77
0.87;1.0;0.0;1.0;0.0;0.0;0.06;0.77
1.0;0.83;0.0;1.0;0.0;0.0;0.15;0.79
0.54;0.42;0.0;1.0;0.0;0.07;0.0;0.63
0.95;0.04;0.0;1.0;0.0;0.17;0.02;0.66
0.94;0.04;0.0;1.0;0.0;0.04;0.06;0.66
0.96;0.02;0.0;1.0;0.0;0.0;0.02;0.68
1.0;0.87;0.99;1.0;0.0;0.0;0.46;0.74
0.99;0.89;0.87;1.0;0.0;0.01;0.03;0.72
0.99;0.9;0.42;1.0;0.0;0.58;0.99;0.76
0.97;0.92;0.0;1.0;0.0;0.01;0.99;0.72
1.0;0.93;0.11;1.0;0.0;0.0;0.13;0.71
0.94;0.94;0.01;1.0;0.0;0.19;0.78;0.81
0.95;0.97;0.0;1.0;0.0;0.0;0.31;0.69
0.99;0.99;0.26;1.0;0.0;0.06;0.2;0.76
1.0;1.0;0.03;1.0;0.0;0.0;0.48;0.78
1.0;1.0;0.02;1.0;0.0;0.06;0.43;0.71
1.0;1.0;0.87;1.0;0.0;0.0;0.32;0.7
0.83;1.0;0.0;1.0;0.0;0.0;0.43;0.88
0.8;1.0;0.05;1.0;0.0;0.0;0.02;0.86
0.88;0.71;0.0;1.0;0.0;0.1;0.04;0.58
0.69;0.78;0.0;1.0;0.0;0.0;0.01;0.63
0.41;0.72;0.0;1.0;0.0;0.0;0.98;0.59
0.55;0.68;0.0;1.0;0.08;0.0;0.4;0.61
0.63;0.67;0.0;1.0;0.0;0.0;0.0;0.64
0.51;0.67;0.0;1.0;0.0;0.0;0.0;0.66
0.16;0.49;0.0;1.0;0.0;0.0;0.05;0.59
0.18;0.36;0.5;0.99;0.0;0.0;0.4;0.56
0.62;0.36;0.0;0.99;0.0;0.0;0.32;0.69
0.88;0.52;0.84;0.94;0.35;0.9;0.53;0.75
0.52;0.54;0.0;0.95;0.0;0.02;0.0;0.73
0.85;0.56;0.0;0.95;0.25;0.16;0.0;0.77
0.99;0.58;0.26;0.96;0.02;0.0;0.0;0.85
0.94;0.62;0.0;0.96;0.0;1.0;0.0;0.79
0.94;0.64;0.21;0.97;0.13;0.99;0.22;0.73
0.99;0.65;0.01;0.97;0.55;0.0;0.91;0.7
0.69;0.65;0.0;0.97;0.0;0.86;0.19;0.66
0.89;0.65;0.0;0.98;0.87;0.28;0.0;0.62
0.69;0.65;0.03;0.98;0.0;0.0;0.78;0.65
0.49;0.66;0.0;0.98;0.0;0.0;0.98;0.63
0.54;0.66;0.0;0.98;0.09;0.24;0.17;0.65
0.25;0.65;0.0;0.98;0.01;0.02;0.04;0.63
0.89;0.63;0.03;0.99;1.0;0.12;0.18;0.66
0.18;0.63;0.0;0.99;0.0;0.0;0.08;0.65
0.4;0.64;0.0;0.99;0.0;0.94;0.66;0.68
0.39;0.65;0.0;0.99;0.0;0.0;0.14;0.65
0.45;0.36;0.62;0.9;0.0;0.06;0.0;0.69
0.24;0.35;0.39;0.91;0.0;0.03;0.0;0.69
0.21;0.27;0.06;0.92;0.0;0.01;0.0;0.7
0.55;0.31;1.0;0.93;0.0;0.05;0.0;0.75
0.83;0.38;0.0;0.93;0.0;0.01;0.06;0.85
0.89;0.43;0.0;0.94;0.0;0.01;0.05;0.77
0.92;0.48;0.0;0.95;0.0;0.0;0.0;0.78
0.83;0.49;0.87;0.96;0.0;0.0;0.05;0.77
0.61;0.48;0.03;0.96;0.0;0.06;0.1;0.73
0.39;0.48;0.0;0.97;0.0;0.0;0.18;0.78
0.41;0.48;0.04;0.97;0.71;0.01;0.79;0.77
0.37;0.49;0.0;0.97;0.98;0.01;0.99;0.77
0.36;0.5;0.11;0.98;0.76;0.11;0.02;0.76
0.1;0.46;0.01;0.98;0.0;0.15;0.05;0.74
0.2;0.42;0.0;0.98;0.0;0.99;0.46;0.66
0.2;0.44;0.0;0.98;0.0;0.01;0.96;0.72
0.24;0.45;0.0;0.98;0.0;0.02;0.98;0.77
0.34;0.45;0.0;0.99;0.77;0.03;0.96;0.77
